datetime,lat,lon,alt,relative_alt,ground_speed,heading
2023-07-09 22:04:57,-35.3632621,149.1652374,584.09,-0.027,0.0,356.32
2023-07-09 22:04:58,-35.3632621,149.1652374,584.09,-0.027,0.0,356.37
2023-07-09 22:04:58,-35.3632621,149.1652374,584.09,-0.027,0.0,356.42
2023-07-09 22:04:58,-35.3632621,149.1652374,584.09,-0.027,0.0,356.45
2023-07-09 22:04:58,-35.3632621,149.1652374,584.09,-0.027,0.0,356.49
2023-07-09 22:04:59,-35.3632621,149.1652374,584.09,-0.027,0.0,356.51
2023-07-09 22:04:59,-35.3632621,149.1652374,584.09,-0.027,0.0,356.52
2023-07-09 22:04:59,-35.3632621,149.1652374,584.09,-0.027,0.0,356.53
2023-07-09 22:04:59,-35.3632621,149.1652374,584.09,-0.027,0.0,356.54
2023-07-09 22:05:00,-35.3632621,149.1652374,584.09,-0.027,0.0,356.54
2023-07-09 22:05:00,-35.3632621,149.1652374,584.09,-0.027,0.0,356.54
2023-07-09 22:05:00,-35.3632621,149.1652374,584.09,-0.027,0.0,356.53
2023-07-09 22:05:00,-35.3632621,149.1652374,584.09,-0.006,0.0,356.52
2023-07-09 22:05:01,-35.3632621,149.1652374,584.09,-0.006,0.0,356.51
2023-07-09 22:05:01,-35.3632621,149.1652374,584.09,-0.007,0.0,356.5
2023-07-09 22:05:01,-35.3632621,149.1652374,584.09,-0.007,0.0,356.48
2023-07-09 22:05:01,-35.3632621,149.1652374,584.09,-0.007,0.0,356.47
2023-07-09 22:05:02,-35.3632621,149.1652374,584.09,-0.008,0.0,356.44
2023-07-09 22:05:02,-35.3632621,149.1652374,584.09,-0.008,0.0,356.43
2023-07-09 22:05:02,-35.3632621,149.1652374,584.09,-0.008,0.0,356.4
2023-07-09 22:05:02,-35.3632621,149.1652374,584.09,-0.008,0.0,356.38
2023-07-09 22:05:03,-35.3632621,149.1652374,584.09,-0.009,0.0,356.36
2023-07-09 22:05:03,-35.3632621,149.1652374,584.09,-0.009,0.0,356.34
2023-07-09 22:05:03,-35.3632621,149.1652374,584.09,-0.009,0.0,356.31
2023-07-09 22:05:03,-35.3632621,149.1652374,584.09,-0.009,0.0,356.29
2023-07-09 22:05:04,-35.3632621,149.1652374,584.09,-0.009,0.01,356.26
2023-07-09 22:05:04,-35.3632621,149.1652374,584.09,-0.01,0.01,356.24
2023-07-09 22:05:04,-35.3632621,149.1652374,584.09,-0.01,0.01,356.21
2023-07-09 22:05:04,-35.3632621,149.1652374,584.09,-0.01,0.01,356.18
2023-07-09 22:05:05,-35.3632621,149.1652374,584.09,-0.01,0.01,356.16
2023-07-09 22:05:05,-35.3632621,149.1652374,584.09,-0.011,0.01414213562373095,356.14
2023-07-09 22:05:05,-35.3632621,149.1652374,584.09,-0.011,0.01414213562373095,356.11
2023-07-09 22:05:05,-35.3632621,149.1652374,584.09,-0.011,0.01414213562373095,356.08
2023-07-09 22:05:06,-35.3632621,149.1652374,584.09,-0.011,0.01414213562373095,356.06
2023-07-09 22:05:06,-35.3632621,149.1652374,584.09,-0.011,0.01414213562373095,356.03
2023-07-09 22:05:06,-35.3632621,149.1652374,584.09,-0.011,0.01414213562373095,356.0
2023-07-09 22:05:06,-35.3632621,149.1652374,584.09,-0.012,0.01414213562373095,355.98
2023-07-09 22:05:07,-35.3632621,149.1652374,584.09,-0.012,0.01414213562373095,355.95
2023-07-09 22:05:07,-35.3632621,149.1652374,584.09,-0.012,0.01414213562373095,355.93
2023-07-09 22:05:07,-35.3632621,149.1652374,584.09,-0.012,0.01414213562373095,355.9
2023-07-09 22:05:07,-35.3632621,149.1652374,584.09,-0.012,0.01414213562373095,355.88
2023-07-09 22:05:08,-35.3632621,149.1652374,584.09,-0.012,0.01414213562373095,355.85
2023-07-09 22:05:08,-35.3632621,149.1652374,584.09,-0.012,0.01414213562373095,355.83
2023-07-09 22:05:08,-35.3632621,149.1652374,584.09,-0.012,0.01414213562373095,355.8
2023-07-09 22:05:08,-35.3632621,149.1652374,584.09,-0.012,0.01414213562373095,355.78
2023-07-09 22:05:09,-35.3632621,149.1652374,584.09,-0.013,0.01414213562373095,355.75
2023-07-09 22:05:09,-35.3632621,149.1652374,584.09,-0.013,0.01414213562373095,355.73
2023-07-09 22:05:09,-35.3632621,149.1652374,584.09,-0.013,0.01414213562373095,355.7
2023-07-09 22:05:09,-35.3632621,149.1652374,584.09,-0.013,0.01414213562373095,355.68
2023-07-09 22:05:10,-35.3632621,149.1652374,584.09,-0.013,0.01414213562373095,355.66
2023-07-09 22:05:10,-35.3632621,149.1652374,584.09,-0.013,0.01414213562373095,355.63
2023-07-09 22:05:10,-35.3632621,149.1652374,584.09,-0.013,0.01414213562373095,355.61
2023-07-09 22:05:10,-35.3632621,149.1652374,584.09,-0.013,0.01414213562373095,355.59
2023-07-09 22:05:11,-35.3632621,149.1652374,584.09,-0.013,0.01414213562373095,355.57
2023-07-09 22:05:11,-35.3632621,149.1652374,584.09,-0.013,0.01414213562373095,355.54
2023-07-09 22:05:11,-35.3632621,149.1652374,584.09,-0.014,0.01414213562373095,355.52
2023-07-09 22:05:11,-35.3632621,149.1652374,584.09,-0.014,0.01414213562373095,355.5
2023-07-09 22:05:12,-35.3632621,149.1652374,584.09,-0.014,0.01414213562373095,355.48
2023-07-09 22:05:12,-35.3632621,149.1652374,584.09,-0.014,0.01414213562373095,355.46
2023-07-09 22:05:12,-35.3632621,149.1652374,584.09,-0.014,0.01414213562373095,355.44
2023-07-09 22:05:12,-35.3632621,149.1652374,584.09,-0.014,0.01414213562373095,355.42
2023-07-09 22:05:13,-35.3632621,149.1652374,584.09,-0.014,0.022360679774997897,355.4
2023-07-09 22:05:13,-35.3632621,149.1652374,584.09,-0.014,0.022360679774997897,355.38
2023-07-09 22:05:13,-35.3632621,149.1652374,584.09,-0.014,0.022360679774997897,355.36
2023-07-09 22:05:13,-35.3632621,149.1652374,584.09,-0.014,0.022360679774997897,355.34
2023-07-09 22:05:14,-35.3632621,149.1652374,584.09,-0.015,0.022360679774997897,355.32
2023-07-09 22:05:14,-35.3632621,149.1652374,584.09,-0.015,0.022360679774997897,355.3
2023-07-09 22:05:14,-35.3632621,149.1652374,584.09,-0.015,0.022360679774997897,355.28
2023-07-09 22:05:14,-35.3632621,149.1652374,584.09,-0.015,0.022360679774997897,355.27
2023-07-09 22:05:15,-35.3632621,149.1652374,584.09,-0.015,0.022360679774997897,355.25
2023-07-09 22:05:15,-35.3632621,149.1652374,584.09,-0.015,0.022360679774997897,355.23
2023-07-09 22:05:15,-35.3632621,149.1652374,584.09,-0.015,0.022360679774997897,355.21
2023-07-09 22:05:15,-35.3632621,149.1652374,584.09,-0.015,0.022360679774997897,355.2
2023-07-09 22:05:16,-35.3632621,149.1652374,584.09,-0.015,0.022360679774997897,355.18
2023-07-09 22:05:16,-35.3632621,149.1652374,584.09,-0.016,0.0282842712474619,355.16
2023-07-09 22:05:16,-35.3632621,149.1652374,584.09,-0.016,0.0282842712474619,355.14
2023-07-09 22:05:16,-35.3632621,149.1652374,584.09,-0.016,0.0282842712474619,355.13
2023-07-09 22:05:17,-35.3632621,149.1652374,584.09,-0.016,0.0282842712474619,355.11
2023-07-09 22:05:17,-35.3632621,149.1652374,584.09,-0.016,0.0282842712474619,355.1
2023-07-09 22:05:17,-35.3632621,149.1652374,584.09,-0.016,0.0282842712474619,355.08
2023-07-09 22:05:17,-35.3632621,149.1652374,584.09,-0.016,0.0282842712474619,355.07
2023-07-09 22:05:18,-35.3632621,149.1652374,584.09,-0.016,0.0282842712474619,355.05
2023-07-09 22:05:18,-35.3632621,149.1652374,584.09,-0.016,0.0282842712474619,355.03
2023-07-09 22:05:18,-35.3632621,149.1652374,584.09,-0.016,0.0282842712474619,355.02
2023-07-09 22:05:18,-35.3632621,149.1652374,584.09,-0.017,0.0282842712474619,355.0
2023-07-09 22:05:19,-35.3632621,149.1652374,584.09,-0.017,0.0282842712474619,354.99
2023-07-09 22:05:19,-35.3632621,149.1652374,584.09,-0.017,0.0282842712474619,354.98
2023-07-09 22:05:19,-35.3632621,149.1652374,584.09,-0.017,0.0282842712474619,354.96
2023-07-09 22:05:19,-35.3632621,149.1652374,584.09,-0.017,0.0282842712474619,354.95
2023-07-09 22:05:20,-35.3632621,149.1652374,584.09,-0.017,0.0282842712474619,354.94
2023-07-09 22:05:20,-35.3632621,149.1652374,584.09,-0.017,0.0282842712474619,354.92
2023-07-09 22:05:20,-35.3632621,149.1652374,584.09,-0.017,0.0282842712474619,354.91
2023-07-09 22:05:20,-35.3632621,149.1652374,584.09,-0.017,0.0282842712474619,354.9
2023-07-09 22:05:21,-35.3632621,149.1652374,584.09,-0.017,0.0282842712474619,354.88
2023-07-09 22:05:21,-35.3632621,149.1652374,584.09,-0.017,0.0282842712474619,354.87
2023-07-09 22:05:21,-35.3632621,149.1652374,584.09,-0.017,0.0282842712474619,354.86
2023-07-09 22:05:21,-35.3632621,149.1652374,584.09,-0.017,0.0282842712474619,354.84
2023-07-09 22:05:22,-35.3632621,149.1652374,584.09,-0.017,0.0282842712474619,354.83
2023-07-09 22:05:22,-35.3632621,149.1652374,584.09,-0.017,0.0282842712474619,354.82
2023-07-09 22:05:22,-35.3632621,149.1652374,584.09,-0.017,0.0282842712474619,354.81
2023-07-09 22:05:22,-35.3632621,149.1652374,584.09,-0.017,0.0282842712474619,354.79
2023-07-09 22:05:23,-35.3632621,149.1652374,584.09,-0.017,0.0282842712474619,354.78
2023-07-09 22:05:23,-35.3632621,149.1652374,584.09,-0.017,0.0282842712474619,354.77
2023-07-09 22:05:23,-35.3632621,149.1652374,584.09,-0.017,0.0282842712474619,354.76
2023-07-09 22:05:23,-35.3632621,149.1652374,584.07,-0.017,0.0,354.75
2023-07-09 22:05:24,-35.3632621,149.1652374,584.07,-0.017,0.0,354.73
2023-07-09 22:05:24,-35.3632621,149.1652374,584.07,-0.017,0.0,354.72
2023-07-09 22:05:24,-35.3632621,149.1652374,584.07,-0.017,0.0,354.71
2023-07-09 22:05:24,-35.3632621,149.1652374,584.07,-0.017,0.01,354.7
2023-07-09 22:05:25,-35.3632621,149.1652374,584.07,-0.017,0.01,354.69
2023-07-09 22:05:25,-35.3632621,149.1652374,584.07,-0.017,0.01414213562373095,354.68
2023-07-09 22:05:25,-35.3632621,149.1652374,584.07,-0.017,0.01414213562373095,354.66
2023-07-09 22:05:25,-35.3632621,149.1652374,584.07,0.002,0.01414213562373095,354.65
2023-07-09 22:05:26,-35.3632621,149.1652374,584.07,0.002,0.01414213562373095,354.64
2023-07-09 22:05:26,-35.3632621,149.1652374,584.07,0.002,0.01414213562373095,354.63
2023-07-09 22:05:26,-35.3632621,149.1652374,584.07,0.002,0.01414213562373095,354.62
2023-07-09 22:05:26,-35.3632621,149.1652374,584.07,0.002,0.01,354.61
2023-07-09 22:05:27,-35.3632621,149.1652374,584.07,0.002,0.0,354.6
2023-07-09 22:05:27,-35.3632621,149.1652374,584.07,0.002,0.0,354.59
2023-07-09 22:05:27,-35.3632621,149.1652374,584.07,0.002,0.0,354.57
2023-07-09 22:05:27,-35.3632621,149.1652374,584.07,0.002,0.0,354.56
2023-07-09 22:05:28,-35.3632621,149.1652374,584.07,0.002,0.0,354.55
2023-07-09 22:05:28,-35.3632621,149.1652374,584.07,0.002,0.0,354.54
2023-07-09 22:05:28,-35.3632621,149.1652374,584.07,0.002,0.0,354.53
2023-07-09 22:05:28,-35.3632621,149.1652374,584.07,0.002,0.0,354.52
2023-07-09 22:05:29,-35.3632621,149.1652374,584.08,0.018,0.0,354.51
2023-07-09 22:05:29,-35.3632621,149.1652374,584.18,0.11,0.0,354.5
2023-07-09 22:05:29,-35.3632621,149.1652374,584.46,0.391,0.0,354.49
2023-07-09 22:05:29,-35.3632621,149.1652374,584.91,0.843,0.0,354.5
2023-07-09 22:05:30,-35.3632621,149.1652374,585.42,1.354,0.0,354.51
2023-07-09 22:05:30,-35.3632621,149.1652374,586.01,1.94,0.0,354.52
2023-07-09 22:05:30,-35.3632621,149.1652373,586.65,2.581,0.0,354.52
2023-07-09 22:05:30,-35.3632621,149.1652373,587.32,3.259,0.0,352.7
2023-07-09 22:05:31,-35.3632621,149.1652373,588.01,3.946,0.0,352.72
2023-07-09 22:05:31,-35.363262,149.1652373,588.68,4.615,0.0,352.74
2023-07-09 22:05:31,-35.363262,149.1652373,589.31,5.244,0.0,352.73
2023-07-09 22:05:31,-35.363262,149.1652372,589.89,5.829,0.0,352.72
2023-07-09 22:05:32,-35.363262,149.1652372,590.43,6.368,0.01,352.71
2023-07-09 22:05:32,-35.363262,149.1652372,590.93,6.862,0.01,352.71
2023-07-09 22:05:32,-35.363262,149.1652372,591.38,7.317,0.01,352.71
2023-07-09 22:05:32,-35.363262,149.1652372,591.8,7.734,0.01,352.71
2023-07-09 22:05:33,-35.363262,149.1652372,592.18,8.116,0.01,352.71
2023-07-09 22:05:33,-35.363262,149.1652372,592.53,8.465,0.01,352.71
2023-07-09 22:05:33,-35.363262,149.1652372,592.85,8.781,0.01,352.71
2023-07-09 22:05:33,-35.363262,149.1652372,593.13,9.064,0.01,352.71
2023-07-09 22:05:34,-35.363262,149.1652372,593.38,9.314,0.01,352.71
2023-07-09 22:05:34,-35.363262,149.1652372,593.59,9.528,0.01,352.71
2023-07-09 22:05:34,-35.363262,149.1652372,593.77,9.708,0.0,352.72
2023-07-09 22:05:34,-35.363262,149.1652372,593.92,9.85,0.0,352.72
2023-07-09 22:05:35,-35.363262,149.1652372,594.02,9.954,0.0,352.71
2023-07-09 22:05:35,-35.363262,149.1652372,594.08,10.017,0.0,352.71
2023-07-09 22:05:35,-35.363262,149.1652373,594.11,10.029,0.16278820596099708,352.7
2023-07-09 22:05:35,-35.3632614,149.1652374,594.13,10.05,0.2745906043549196,352.63
2023-07-09 22:05:35,-35.3632607,149.1652375,594.2,10.123,0.2863564212655271,352.54
2023-07-09 22:05:35,-35.3632601,149.1652376,594.34,10.266,0.24515301344262524,352.5
2023-07-09 22:05:35,-35.3632596,149.1652377,594.56,10.485,0.18439088914585774,352.51
2023-07-09 22:05:35,-35.3632592,149.1652378,594.85,10.775,0.11401754250991379,352.55
2023-07-09 22:05:35,-35.363259,149.1652378,595.21,11.134,0.05385164807134505,352.63
2023-07-09 22:05:35,-35.3632589,149.1652378,595.63,11.559,0.01,352.69
2023-07-09 22:05:35,-35.3632589,149.1652378,596.12,12.047,0.04,352.73
2023-07-09 22:05:35,-35.3632589,149.1652378,596.67,12.595,0.07,352.75
2023-07-09 22:05:35,-35.363259,149.1652378,597.28,13.202,0.09,352.74
2023-07-09 22:05:35,-35.3632592,149.1652378,597.92,13.844,0.09,352.71
2023-07-09 22:05:35,-35.3632593,149.1652377,598.57,14.493,0.08,352.65
2023-07-09 22:05:35,-35.3632594,149.1652376,599.22,15.141,0.07071067811865477,352.6
2023-07-09 22:05:35,-35.3632596,149.1652376,599.86,15.78,0.07071067811865477,352.59
2023-07-09 22:05:35,-35.3632597,149.1652376,600.49,16.412,0.06324555320336758,352.58
2023-07-09 22:05:35,-35.3632598,149.1652376,601.12,17.04,0.06324555320336758,352.56
2023-07-09 22:05:36,-35.3632599,149.1652375,601.74,17.662,0.05385164807134505,352.53
2023-07-09 22:05:36,-35.36326,149.1652375,602.36,18.285,0.05385164807134505,352.5
2023-07-09 22:05:36,-35.3632601,149.1652375,602.99,18.91,0.05385164807134505,352.48
2023-07-09 22:05:36,-35.3632601,149.1652375,603.61,19.534,0.044721359549995794,352.47
2023-07-09 22:05:36,-35.3632602,149.1652375,604.23,20.159,0.044721359549995794,352.46
2023-07-09 22:05:36,-35.3632602,149.1652375,604.86,20.782,0.044721359549995794,352.44
2023-07-09 22:05:36,-35.3632603,149.1652375,605.48,21.406,0.03605551275463989,352.41
2023-07-09 22:05:36,-35.3632603,149.1652374,606.11,22.03,0.03605551275463989,352.41
2023-07-09 22:05:36,-35.3632604,149.1652374,606.73,22.653,0.03605551275463989,352.4
2023-07-09 22:05:36,-35.3632604,149.1652374,607.35,23.276,0.03605551275463989,352.39
2023-07-09 22:05:36,-35.3632604,149.1652374,607.98,23.902,0.03605551275463989,352.36
2023-07-09 22:05:36,-35.3632605,149.1652373,608.6,24.527,0.03605551275463989,352.34
2023-07-09 22:05:36,-35.3632605,149.1652373,609.21,25.137,0.03162277660168379,352.31
2023-07-09 22:05:36,-35.3632605,149.1652373,609.81,25.733,0.03162277660168379,352.3
2023-07-09 22:05:36,-35.3632604,149.1652373,610.37,26.294,0.03,352.28
2023-07-09 22:05:36,-35.3632604,149.1652373,610.89,26.813,0.03,352.27
2023-07-09 22:05:36,-35.3632604,149.1652373,611.36,27.285,0.03,352.25
2023-07-09 22:05:36,-35.3632604,149.1652373,611.79,27.717,0.03,352.23
2023-07-09 22:05:36,-35.3632604,149.1652373,612.19,28.111,0.03,352.22
2023-07-09 22:05:36,-35.3632604,149.1652373,612.55,28.474,0.03162277660168379,352.21
2023-07-09 22:05:36,-35.3632604,149.1652373,612.88,28.801,0.03162277660168379,352.22
2023-07-09 22:05:36,-35.3632604,149.1652373,613.17,29.097,0.0282842712474619,352.23
2023-07-09 22:05:36,-35.3632604,149.1652373,613.43,29.359,0.0282842712474619,352.22
2023-07-09 22:05:36,-35.3632604,149.1652373,613.66,29.588,0.03605551275463989,352.21
2023-07-09 22:05:36,-35.3632604,149.1652373,613.86,29.783,0.03605551275463989,352.19
2023-07-09 22:05:36,-35.3632604,149.1652373,614.02,29.942,0.03605551275463989,352.18
2023-07-09 22:05:36,-35.3632604,149.1652373,614.14,30.064,0.03605551275463989,352.17
2023-07-09 22:05:36,-35.3632605,149.1652373,614.22,30.148,0.03605551275463989,352.15
2023-07-09 22:05:36,-35.3632605,149.1652373,614.26,30.181,0.044721359549995794,351.94
2023-07-09 22:05:36,-35.3632606,149.1652372,614.25,30.176,0.1,351.52
2023-07-09 22:05:36,-35.3632608,149.165237,614.24,30.161,0.161245154965971,351.13
2023-07-09 22:05:36,-35.3632612,149.1652365,614.23,30.15,0.2765863337187866,350.96
2023-07-09 22:05:36,-35.3632616,149.1652357,614.23,30.15,0.4205948168962618,350.99
2023-07-09 22:05:36,-35.3632616,149.1652346,614.23,30.153,0.3301514803843836,349.83
2023-07-09 22:05:36,-35.3632612,149.1652335,614.25,30.174,0.530754180388624,340.22
2023-07-09 22:05:36,-35.3632612,149.1652312,614.31,30.238,0.8542833253669417,317.94
2023-07-09 22:05:36,-35.3632624,149.1652266,614.43,30.352,1.4430869689661812,287.65
2023-07-09 22:05:36,-35.3632644,149.1652195,614.57,30.499,2.265855246921127,264.38
2023-07-09 22:05:36,-35.3632673,149.1652105,614.75,30.674,3.035061778613411,252.71
2023-07-09 22:05:36,-35.3632705,149.165201,614.94,30.867,3.5341335571820145,249.8
2023-07-09 22:05:37,-35.3632742,149.1651923,615.17,31.092,3.7847060652050644,254.92
2023-07-09 22:05:37,-35.3632766,149.1651841,615.36,31.281,4.010598459083133,262.65
2023-07-09 22:05:37,-35.363277,149.1651748,615.47,31.398,4.351241202231842,265.13
2023-07-09 22:05:37,-35.363277,149.1651646,615.58,31.508,4.764881950269073,264.58
2023-07-09 22:05:37,-35.3632779,149.1651541,615.73,31.656,5.193303380315847,261.51
2023-07-09 22:05:37,-35.3632796,149.1651438,615.93,31.857,5.538754372600395,259.15
2023-07-09 22:05:37,-35.3632824,149.1651337,616.16,32.085,5.90444747626736,260.97
2023-07-09 22:05:37,-35.3632832,149.1651205,616.37,32.296,6.492226120522914,261.96
2023-07-09 22:05:37,-35.3633221,149.1651564,616.57,32.493,3.592436499090833,211.48
2023-07-09 22:05:37,-35.3633298,149.1651464,616.89,32.818,4.3353085241998635,208.86
2023-07-09 22:05:37,-35.363333,149.1651345,617.41,33.338,5.028011535388518,222.28
2023-07-09 22:05:37,-35.3633171,149.1651362,622.16,38.083,4.08100477823783,224.86
2023-07-09 22:05:37,-35.3633067,149.1651269,622.28,38.209,4.464045250666709,250.64
2023-07-09 22:05:37,-35.3632995,149.1651271,622.99,38.911,3.105382424114621,265.74
2023-07-09 22:05:37,-35.3632919,149.1651304,623.64,39.561,2.7681221071332818,271.91
2023-07-09 22:05:37,-35.3632845,149.165131,623.98,39.901,2.5424791051255466,271.34
2023-07-09 22:05:37,-35.3632756,149.1651273,624.02,39.943,2.796587205863604,264.29
2023-07-09 22:05:37,-35.3632651,149.1651199,623.79,39.716,3.0993225066133405,263.63
2023-07-09 22:05:37,-35.3632539,149.1651081,623.41,39.332,3.479727000786125,266.1
2023-07-09 22:05:37,-35.3632425,149.1650905,622.91,38.839,4.123796794217679,267.04
2023-07-09 22:05:37,-35.3632312,149.1650656,622.35,38.274,5.51837838499681,266.55
2023-07-09 22:05:37,-35.3632211,149.1650366,621.77,37.693,6.66532069746085,264.8
2023-07-09 22:05:37,-35.3632125,149.1650038,621.18,37.107,7.714615998220521,262.84
2023-07-09 22:05:37,-35.363206,149.1649698,620.62,36.545,8.392723038442291,261.64
2023-07-09 22:05:37,-35.3632013,149.1649337,620.08,36.005,9.192105308361082,261.45
2023-07-09 22:05:37,-35.363199,149.1648965,619.58,35.5,9.829476079629066,261.83
2023-07-09 22:05:37,-35.363199,149.1648596,619.15,35.077,10.246018739002968,262.32
2023-07-09 22:05:37,-35.3632011,149.1648227,618.82,34.746,10.56250443786889,262.64
2023-07-09 22:05:37,-35.3632053,149.1647858,618.59,34.513,10.934866254326113,262.6
2023-07-09 22:05:37,-35.3632115,149.1647492,618.46,34.38,11.246230479587371,262.38
2023-07-09 22:05:37,-35.3632197,149.1647132,618.41,34.338,11.520078124735093,262.12
2023-07-09 22:05:37,-35.3632296,149.1646783,618.45,34.37,11.625768791783191,261.99
2023-07-09 22:05:37,-35.3632408,149.1646447,618.54,34.464,11.450925726769867,256.47
2023-07-09 22:05:37,-35.3632525,149.1646145,618.73,34.65,10.1381260595832,255.11
2023-07-09 22:05:37,-35.3632653,149.164589,619.03,34.952,8.554677083326991,258.54
2023-07-09 22:05:37,-35.3632793,149.1645689,619.44,35.362,6.749614803823993,264.32
2023-07-09 22:05:37,-35.3632958,149.1645551,619.96,35.887,5.077371367154465,269.87
2023-07-09 22:05:37,-35.3633131,149.1645485,620.61,36.532,3.5722961803299573,271.61
2023-07-09 22:05:37,-35.3633299,149.1645479,621.39,37.314,2.5995576546789647,269.75
2023-07-09 22:05:37,-35.3633456,149.1645529,622.35,38.278,2.0724140512938045,271.3
2023-07-09 22:05:37,-35.3633584,149.1645626,623.4,39.32,2.1817882573705454,271.25
2023-07-09 22:05:38,-35.363368,149.1645764,624.4,40.323,2.7735356496717323,270.56
2023-07-09 22:05:38,-35.3633735,149.1645916,625.27,41.195,3.4295772334210524,270.92
2023-07-09 22:05:38,-35.3633756,149.1646079,626.03,41.959,4.150048192491264,273.4
2023-07-09 22:05:38,-35.3633749,149.1646251,626.72,42.646,4.960131046655925,277.03
2023-07-09 22:05:38,-35.3633721,149.1646425,627.36,43.289,5.6676273695436254,279.24
2023-07-09 22:05:38,-35.3633678,149.1646603,627.98,43.907,6.248879899630014,276.99
2023-07-09 22:05:38,-35.3633619,149.1646774,628.59,44.511,5.925622330186087,274.55
2023-07-09 22:05:38,-35.3633552,149.1646922,629.19,45.117,5.143267443950392,279.11
2023-07-09 22:05:38,-35.3633474,149.1647047,629.78,45.701,4.301127759088307,284.66
2023-07-09 22:05:38,-35.3633385,149.164715,630.29,46.219,3.4087241014784406,288.04
2023-07-09 22:05:38,-35.363329,149.1647228,630.81,46.738,2.3681427321848654,289.17
2023-07-09 22:05:38,-35.3633195,149.1647276,631.37,47.293,1.4705441169852742,289.5
2023-07-09 22:05:38,-35.3633091,149.16473,629.76,45.689,4.2843902716722715,278.98
2023-07-09 22:05:38,-35.3632985,149.1647295,630.19,46.114,4.200583292829699,284.12
2023-07-09 22:05:38,-35.3632871,149.1647255,630.46,46.385,4.4949416014004,284.93
2023-07-09 22:05:38,-35.3632748,149.1647178,630.62,46.548,5.07141006032839,285.38
2023-07-09 22:05:38,-35.3632618,149.1647067,630.71,46.63,5.857951860505513,286.38
2023-07-09 22:05:38,-35.3632477,149.1646925,630.73,46.655,6.739094894716946,287.21
2023-07-09 22:05:38,-35.3632327,149.1646754,630.73,46.65,7.633636092976924,287.31
2023-07-09 22:05:38,-35.3632169,149.1646555,630.73,46.659,8.472319635141252,286.73
2023-07-09 22:05:38,-35.3632006,149.1646334,630.75,46.677,9.207062506576134,285.75
2023-07-09 22:05:38,-35.3631841,149.1646094,630.78,46.707,9.820030549850646,284.86
2023-07-09 22:05:38,-35.363168,149.1645842,630.85,46.778,10.323613708387194,284.36
2023-07-09 22:05:38,-35.3631517,149.1645594,630.8,46.722,10.624019954800536,283.83
2023-07-09 22:05:38,-35.3631356,149.164535,630.76,46.682,10.748716202412268,283.81
2023-07-09 22:05:38,-35.3631197,149.1645102,630.82,46.746,10.900137613810204,283.96
2023-07-09 22:05:38,-35.363104,149.1644844,631.01,46.937,11.147542330038492,284.12
2023-07-09 22:05:38,-35.3630887,149.1644564,631.3,47.229,11.509726321681153,284.2
2023-07-09 22:05:38,-35.3630735,149.1644265,631.7,47.623,11.922768134959263,284.15
2023-07-09 22:05:38,-35.363079,149.164378,632.18,48.107,12.746548552451365,277.08
2023-07-09 22:05:38,-35.3630635,149.1643364,632.77,48.696,13.260607075092754,277.89
2023-07-09 22:05:38,-35.3630476,149.1642998,633.45,49.376,13.829103369343942,281.72
2023-07-09 22:05:38,-35.3630323,149.1642664,638.27,54.198,14.408504433146419,285.01
2023-07-09 22:05:38,-35.3630155,149.1642354,641.73,57.655,14.935092902288892,284.54
2023-07-09 22:05:38,-35.3629985,149.1642076,643.09,59.011,14.824823776355657,284.86
2023-07-09 22:05:38,-35.3629832,149.1641839,643.26,59.189,13.733247977081023,285.46
2023-07-09 22:05:38,-35.3629695,149.1641621,643.15,59.078,12.698114033194063,285.16
2023-07-09 22:05:38,-35.3629558,149.1641398,643.09,59.014,12.207178216115302,284.37
2023-07-09 22:05:38,-35.3629409,149.1641153,643.15,59.073,12.23652319901368,283.64
2023-07-09 22:05:38,-35.3629248,149.1640886,643.31,59.232,12.554317982272075,283.42
2023-07-09 22:05:39,-35.3629076,149.1640604,643.54,59.461,12.912606243512576,283.82
2023-07-09 22:05:39,-35.3628899,149.1640316,643.79,59.717,13.230154949961848,284.44
2023-07-09 22:05:39,-35.3628718,149.1640026,644.06,59.988,13.455129133531198,284.8
2023-07-09 22:05:39,-35.3628538,149.1639737,644.33,60.259,13.55817096809153,284.75
2023-07-09 22:05:39,-35.3628358,149.1639451,644.61,60.536,13.632127493535263,284.5
2023-07-09 22:05:39,-35.3628176,149.1639164,644.88,60.802,13.732661795879196,284.7
2023-07-09 22:05:39,-35.3627992,149.1638878,645.12,61.045,13.859527408970337,285.97
2023-07-09 22:05:39,-35.3627808,149.1638593,645.33,61.253,13.897442210709135,288.61
2023-07-09 22:05:39,-35.3627619,149.163831,645.49,61.417,14.002646178490693,292.76
2023-07-09 22:05:39,-35.3627424,149.1638029,645.59,61.511,14.185943747245018,298.47
2023-07-09 22:05:39,-35.3627221,149.1637752,645.6,61.526,14.405891156051402,305.72
2023-07-09 22:05:39,-35.3627013,149.1637482,645.54,61.464,14.348644535286251,307.42
2023-07-09 22:05:39,-35.3626798,149.1637234,645.47,61.39,13.754028500770238,319.08
2023-07-09 22:05:39,-35.3626584,149.1637022,645.35,61.278,13.14312367742159,333.92
2023-07-09 22:05:39,-35.3626374,149.1636844,645.15,61.077,12.806599861009166,345.26
2023-07-09 22:05:39,-35.3626182,149.1636703,644.91,60.834,11.978714455232664,358.25
2023-07-09 22:05:39,-35.3626001,149.1636606,644.67,60.589,11.077806642111064,5.19
2023-07-09 22:05:39,-35.3625826,149.1636547,644.39,60.317,10.359353261666483,7.46
2023-07-09 22:05:39,-35.3625651,149.1636517,644.07,59.993,9.900611092250822,8.24
2023-07-09 22:05:39,-35.362548,149.1636507,643.67,59.596,9.505966547384856,9.1
2023-07-09 22:05:39,-35.3625308,149.1636517,643.2,59.127,9.303988392082182,9.44
2023-07-09 22:05:39,-35.3625137,149.1636546,642.69,58.61,9.230655448016678,9.22
2023-07-09 22:05:39,-35.3624967,149.1636595,642.14,58.066,9.269929881072455,8.86
2023-07-09 22:05:39,-35.3624801,149.163666,641.59,57.511,9.288756644460012,8.71
2023-07-09 22:05:39,-35.3624638,149.1636744,641.05,56.975,9.408772502298055,8.75
2023-07-09 22:05:39,-35.3624477,149.1636847,640.53,56.456,9.599635409743435,8.88
2023-07-09 22:05:39,-35.362432,149.1636969,640.04,55.969,9.632990189966977,14.51
2023-07-09 22:05:39,-35.3624176,149.1637099,639.62,55.542,9.210238867695018,14.29
2023-07-09 22:05:39,-35.3624044,149.1637228,639.24,55.166,8.72574352132814,10.78
2023-07-09 22:05:39,-35.362392,149.1637347,638.85,54.779,8.316778222364716,9.27
2023-07-09 22:05:39,-35.3623802,149.1637457,638.43,54.355,7.952421015011717,10.89
2023-07-09 22:05:39,-35.3623692,149.163756,637.99,53.917,7.52811397363244,13.55
2023-07-09 22:05:39,-35.3623593,149.1637659,637.59,53.518,7.154746676158423,13.83
2023-07-09 22:05:39,-35.3623502,149.163776,637.18,53.107,6.917376670385964,10.99
2023-07-09 22:05:39,-35.3623492,149.1637806,636.74,52.664,3.3223184675765203,1.98
2023-07-09 22:05:39,-35.3623417,149.1637901,636.52,52.443,3.7320905669610966,3.48
2023-07-09 22:05:39,-35.362336,149.1638,636.29,52.213,3.6303443362854715,4.08
2023-07-09 22:05:39,-35.3623331,149.163809,636.07,51.99,3.729302883918119,1.7
2023-07-09 22:05:39,-35.3623325,149.163817,635.95,51.875,4.109367347901621,359.57
2023-07-09 22:05:39,-35.3623336,149.1638239,635.97,51.895,4.4618942165855975,357.89
2023-07-09 22:05:40,-35.3623363,149.1638299,636.11,52.038,4.843160125372689,356.58
2023-07-09 22:05:40,-35.3623404,149.1638352,636.39,52.313,5.18645350890182,355.01
2023-07-09 22:05:40,-35.3623461,149.1638405,636.77,52.699,5.558462017500884,353.06
2023-07-09 22:05:40,-35.3623528,149.1638458,637.26,53.184,5.801491187617198,351.06
2023-07-09 22:05:40,-35.3623606,149.1638515,637.81,53.735,6.097097670203422,349.54
2023-07-09 22:05:40,-35.3623694,149.1638576,638.42,54.343,6.355359942599633,349.15
2023-07-09 22:05:40,-35.3623788,149.1638642,639.07,54.991,6.556226048573981,349.64
2023-07-09 22:05:40,-35.3623885,149.1638711,639.74,55.664,6.659106546677265,350.35
2023-07-09 22:05:40,-35.3623987,149.1638786,640.43,56.356,6.748547991975754,351.04
2023-07-09 22:05:40,-35.3624092,149.1638864,641.12,57.044,6.891567310851719,351.19
2023-07-09 22:05:40,-35.3624202,149.1638946,641.81,57.735,7.043614129124338,350.85
2023-07-09 22:05:40,-35.3624312,149.1639032,642.51,58.439,7.106461848205477,350.37
2023-07-09 22:05:40,-35.3624424,149.1639122,643.2,59.128,7.182924195618384,350.14
2023-07-09 22:05:40,-35.3624537,149.1639215,643.89,59.815,7.233042236846126,350.34
2023-07-09 22:05:40,-35.3624656,149.1639309,644.58,60.5,7.349482975012596,350.45
2023-07-09 22:05:40,-35.3624772,149.1639406,645.26,61.184,7.351258395676212,350.49
2023-07-09 22:05:40,-35.362489,149.1639504,645.93,61.858,7.366355951214956,350.68
2023-07-09 22:05:40,-35.3625011,149.1639603,646.6,62.528,7.455736046829984,350.54
2023-07-09 22:05:40,-35.3625135,149.1639703,647.28,63.204,7.5538930360443945,350.49
2023-07-09 22:05:40,-35.3625257,149.1639804,647.95,63.872,7.5643902596309776,350.3
2023-07-09 22:05:40,-35.3625381,149.1639906,648.6,64.527,7.575097359110311,350.3
2023-07-09 22:05:40,-35.3625508,149.1640008,649.28,65.2,7.64210703929224,350.39
2023-07-09 22:05:40,-35.3625638,149.1640111,649.95,65.878,7.721722605740251,350.28
2023-07-09 22:05:40,-35.3625765,149.1640215,650.6,66.527,7.727612826740223,350.29
2023-07-09 22:05:40,-35.3625898,149.164032,651.35,67.271,7.878102563434929,349.81
2023-07-09 22:05:40,-35.3626033,149.1640424,652.2,68.127,8.000831206818452,349.45
2023-07-09 22:05:40,-35.3626169,149.164053,653.11,69.039,8.0048547769463,349.41
2023-07-09 22:05:40,-35.3626302,149.1640637,654.04,69.96,7.973713062306669,349.62
2023-07-09 22:05:40,-35.3626451,149.1640742,655.18,71.109,7.975926278495809,346.76
2023-07-09 22:05:40,-35.3626603,149.1640844,656.48,72.402,7.692886324390865,346.32
2023-07-09 22:05:40,-35.3626702,149.1640957,656.44,72.362,6.990851164200251,350.16
2023-07-09 22:05:40,-35.3626759,149.1641096,655.37,71.298,7.110450056079432,358.52
2023-07-09 22:05:40,-35.3626843,149.1641231,655.09,71.01,7.715963970885297,351.31
2023-07-09 22:05:40,-35.362696,149.1641339,655.28,71.208,7.892401408950257,345.6
2023-07-09 22:05:40,-35.3627097,149.1641419,655.71,71.635,7.774522493375397,343.3
2023-07-09 22:05:40,-35.3627239,149.1641488,656.35,72.274,7.481931568786231,345.43
2023-07-09 22:05:40,-35.3627384,149.1641554,657.14,73.062,7.24586778791885,347.02
2023-07-09 22:05:40,-35.3627529,149.1641621,657.98,73.905,7.1566752057083045,346.94
2023-07-09 22:05:40,-35.362768,149.1641696,658.77,74.69,7.546721142323996,340.64
2023-07-09 22:05:40,-35.362784,149.1641771,659.36,75.289,8.325731199119991,324.41
2023-07-09 22:05:41,-35.3628011,149.1641837,659.7,75.622,9.057196034093552,308.34
2023-07-09 22:05:41,-35.3628175,149.1641909,659.93,75.851,9.186294138552283,300.65
2023-07-09 22:05:41,-35.3628319,149.1641986,660.13,76.054,8.94910610061139,291.8
2023-07-09 22:05:41,-35.3628459,149.1642061,660.33,76.255,8.871488037527865,276.63
2023-07-09 22:05:41,-35.3628605,149.1642129,660.48,76.402,9.026965160008096,257.97
2023-07-09 22:05:41,-35.3628759,149.1642189,660.53,76.454,8.960943030730638,239.84
2023-07-09 22:05:41,-35.3628912,149.1642237,660.52,76.44,8.596423674994154,223.89
2023-07-09 22:05:41,-35.3629059,149.164227,660.4,76.327,7.816604121995689,208.45
2023-07-09 22:05:41,-35.3629199,149.1642295,660.21,76.134,7.0829513622500615,198.0
2023-07-09 22:05:41,-35.3629344,149.1642308,659.99,75.918,6.311140942808994,182.7
2023-07-09 22:05:41,-35.3629481,149.1642327,659.81,75.731,5.3854340586437415,169.62
2023-07-09 22:05:41,-35.3629622,149.1642338,659.75,75.673,4.54614122085973,165.7
2023-07-09 22:05:41,-35.3629776,149.1642356,659.86,75.784,4.223387266164448,169.53
2023-07-09 22:05:41,-35.3629937,149.1642401,660.06,75.984,4.444873451516927,176.58
2023-07-09 22:05:41,-35.3630105,149.1642474,660.27,76.194,5.004897601350102,182.71
2023-07-09 22:05:41,-35.3630283,149.1642564,660.43,76.358,5.55989208528367,187.38
2023-07-09 22:05:41,-35.3630471,149.1642659,660.53,76.459,6.047718578108607,186.98
2023-07-09 22:05:41,-35.3630646,149.1642755,660.5,76.428,6.324871540197476,181.89
2023-07-09 22:05:41,-35.3630809,149.1642845,660.33,76.253,6.347164721353937,177.68
2023-07-09 22:05:41,-35.3630966,149.1642919,660.04,75.967,6.119231977952788,177.36
2023-07-09 22:05:41,-35.3631114,149.1642993,659.72,75.643,6.103539956451502,182.44
2023-07-09 22:05:41,-35.3631269,149.1643065,659.43,75.353,6.165492681043422,181.08
2023-07-09 22:05:41,-35.3631422,149.1643134,659.18,75.1,5.89788097540125,180.58
2023-07-09 22:05:41,-35.3631573,149.1643197,659.02,74.947,5.523087904424481,180.22
2023-07-09 22:05:41,-35.3631716,149.1643262,659.04,74.96,5.147475109216168,179.79
2023-07-09 22:05:41,-35.3631851,149.1643334,659.23,75.157,4.7732797948580385,179.08
2023-07-09 22:05:41,-35.3631976,149.1643411,659.56,75.485,4.406722137825348,179.52
2023-07-09 22:05:41,-35.3632085,149.1643493,659.92,75.844,4.08313604965595,182.63
2023-07-09 22:05:41,-35.3632176,149.1643581,660.3,76.229,3.788931247726725,186.05
2023-07-09 22:05:41,-35.363224,149.1643669,660.6,76.526,3.5799441336423117,190.3
2023-07-09 22:05:41,-35.363228,149.1643753,660.76,76.686,3.4851829220286272,194.75
2023-07-09 22:05:41,-35.3632294,149.1643827,660.81,76.736,3.604566548144173,197.42
2023-07-09 22:05:41,-35.3632284,149.1644012,660.76,76.682,2.6068563443350685,281.39
2023-07-09 22:05:41,-35.3632235,149.1644037,660.17,76.094,3.235428874198906,289.96
2023-07-09 22:05:41,-35.3632169,149.1644029,659.53,75.456,3.7397593505465028,280.58
2023-07-09 22:05:41,-35.36321,149.1643977,658.89,74.818,3.766656342168741,257.18
2023-07-09 22:05:41,-35.3632034,149.1643894,658.35,74.276,3.6143740813590397,228.48
2023-07-09 22:05:41,-35.3631968,149.1643803,657.97,73.895,3.261180767758819,209.58
2023-07-09 22:05:41,-35.3631889,149.1643726,657.74,73.665,3.0691041038061906,211.71
2023-07-09 22:05:41,-35.3631775,149.1643668,657.57,73.495,3.558777880115588,223.39
2023-07-09 22:05:42,-35.3631629,149.1643626,657.38,73.301,4.438118970915493,234.49
2023-07-09 22:05:42,-35.3631458,149.1643601,657.11,73.033,5.337902209670012,238.85
2023-07-09 22:05:42,-35.3631273,149.164359,656.76,72.689,6.005231053007036,236.76
2023-07-09 22:05:42,-35.3631079,149.1643595,656.37,72.294,6.472155745962855,232.73
2023-07-09 22:05:42,-35.3630885,149.164361,655.98,71.906,6.7463916281223995,230.54
2023-07-09 22:05:42,-35.3630685,149.1643635,655.63,71.559,7.002578096672682,230.97
2023-07-09 22:05:42,-35.363048,149.1643666,655.35,71.272,7.3,232.65
2023-07-09 22:05:42,-35.3630263,149.1643707,655.11,71.038,7.815759719950454,233.9
2023-07-09 22:05:42,-35.3630038,149.1643752,654.92,70.841,8.26637163452019,234.01
2023-07-09 22:05:42,-35.3629808,149.1643802,654.73,70.651,8.60611991550199,233.37
2023-07-09 22:05:42,-35.3629576,149.1643855,654.55,70.472,8.82366137156226,232.73
2023-07-09 22:05:42,-35.3629337,149.1643915,654.37,70.299,9.128526715741154,232.55
2023-07-09 22:05:42,-35.3629096,149.1643979,654.22,70.145,9.344966559597738,232.78
2023-07-09 22:05:42,-35.3628853,149.1644044,654.08,70.005,9.514709664514204,233.09
2023-07-09 22:05:42,-35.3628609,149.1644112,653.96,69.881,9.630166146022612,233.2
2023-07-09 22:05:42,-35.362836,149.1644185,653.84,69.764,9.857078674739286,233.11
2023-07-09 22:05:42,-35.362811,149.164426,653.73,69.656,9.997184603677178,232.96
2023-07-09 22:05:42,-35.362786,149.1644335,653.63,69.551,10.063925675401224,232.9
2023-07-09 22:05:42,-35.3627611,149.164441,653.53,69.452,10.07682985864106,232.94
2023-07-09 22:05:42,-35.3627359,149.1644489,653.44,69.362,10.127768757233747,233.01
2023-07-09 22:05:42,-35.3627112,149.1644564,653.28,69.204,9.922267885922048,233.07
2023-07-09 22:05:42,-35.3626871,149.1644632,653.06,68.985,9.493940172552174,233.13
2023-07-09 22:05:42,-35.3626638,149.1644695,652.85,68.772,8.99027252089724,233.18
2023-07-09 22:05:42,-35.3626435,149.1644729,652.53,68.455,8.197475221066545,233.05
2023-07-09 22:05:42,-35.3626258,149.164474,652.16,68.08,7.20250650815395,232.81
2023-07-09 22:05:42,-35.3626098,149.1644741,651.82,67.74,6.221800382525945,232.77
2023-07-09 22:05:42,-35.3625948,149.164474,651.59,67.514,5.405922677952396,232.92
2023-07-09 22:05:42,-35.3625696,149.1644829,653.24,69.162,6.175929079903687,233.22
2023-07-09 22:05:42,-35.362538,149.1644951,655.08,71.004,8.72377211990318,233.01
2023-07-09 22:05:42,-35.3625048,149.1645076,655.69,71.61,10.51047572662627,232.59
2023-07-09 22:05:42,-35.3624737,149.16452,655.32,71.249,10.930544359728842,232.67
2023-07-09 22:05:42,-35.3624466,149.1645331,654.57,70.497,10.478630635727171,232.82
2023-07-09 22:05:42,-35.362423,149.164546,653.81,69.737,9.828311146885817,233.0
2023-07-09 22:05:42,-35.3624017,149.1645581,653.23,69.154,9.224082610211164,233.08
2023-07-09 22:05:42,-35.3623819,149.1645688,652.86,68.787,8.724058688477514,233.07
2023-07-09 22:05:42,-35.3623628,149.1645788,652.66,68.584,8.345351999766097,232.99
2023-07-09 22:05:42,-35.3623445,149.1645881,652.57,68.496,8.038669044064447,232.94
2023-07-09 22:05:42,-35.3623272,149.1645967,652.53,68.45,7.706756775713115,232.94
2023-07-09 22:05:42,-35.3623107,149.1646051,652.5,68.42,7.3589197576818295,232.97
2023-07-09 22:05:42,-35.3622951,149.1646138,652.46,68.385,7.085266402895519,233.01
2023-07-09 22:05:43,-35.3622803,149.1646223,652.42,68.348,6.7919511187875905,233.02
2023-07-09 22:05:43,-35.3622663,149.1646307,652.38,68.302,6.49376624155813,233.01
2023-07-09 22:05:43,-35.3622531,149.164639,652.33,68.253,6.20461924698043,233.01
2023-07-09 22:05:43,-35.3622406,149.1646475,652.27,68.193,5.9682241914995116,233.02
2023-07-09 22:05:43,-35.3622286,149.1646559,652.21,68.135,5.721651859384665,233.0
2023-07-09 22:05:43,-35.3622172,149.1646641,652.15,68.072,5.487312639170471,232.99
2023-07-09 22:05:43,-35.3622064,149.1646723,652.09,68.01,5.247103963140048,233.0
2023-07-09 22:05:43,-35.3621961,149.1646805,652.02,67.947,5.068214675800543,233.01
2023-07-09 22:05:43,-35.3621863,149.1646885,651.96,67.888,4.884669896727925,233.01
2023-07-09 22:05:43,-35.3621769,149.1646963,651.9,67.825,4.701159431459436,233.0
2023-07-09 22:05:43,-35.362168,149.164704,651.84,67.76,4.512936959453345,233.0
2023-07-09 22:05:43,-35.3621594,149.1647117,651.77,67.697,4.376756790135819,232.99
2023-07-09 22:05:43,-35.3621513,149.1647192,651.72,67.643,4.219881514924324,233.0
2023-07-09 22:05:43,-35.3621435,149.1647267,651.67,67.593,4.070196555450363,233.0
2023-07-09 22:05:43,-35.3621361,149.1647339,651.61,67.539,3.922269751049767,233.01
2023-07-09 22:05:43,-35.362129,149.1647411,651.55,67.477,3.805955858913763,233.01
2023-07-09 22:05:43,-35.3621222,149.1647482,651.5,67.426,3.6708173476761274,233.0
2023-07-09 22:05:43,-35.3621158,149.164755,651.45,67.376,3.525124111290268,232.99
2023-07-09 22:05:43,-35.3621097,149.1647616,651.4,67.325,3.386620734596657,232.98
2023-07-09 22:05:43,-35.3621039,149.1647682,651.35,67.27,3.2902431521089746,232.98
2023-07-09 22:05:43,-35.3620984,149.1647746,651.3,67.224,3.1751062974332056,233.0
2023-07-09 22:05:43,-35.3620932,149.1647809,651.25,67.177,3.0405920476117805,232.99
2023-07-09 22:05:43,-35.3620883,149.164787,651.2,67.127,2.899689638564789,232.99
2023-07-09 22:05:43,-35.3620837,149.1647929,651.15,67.074,2.803711825420009,232.99
2023-07-09 22:05:43,-35.3620794,149.1647988,651.1,67.029,2.695366394388711,233.0
2023-07-09 22:05:43,-35.3620754,149.1648044,651.06,66.981,2.5737909783041824,232.99
2023-07-09 22:05:43,-35.3620717,149.1648098,651.01,66.934,2.438237068047322,232.98
2023-07-09 22:05:43,-35.3620682,149.1648152,650.97,66.894,2.3505318547086316,232.99
2023-07-09 22:05:43,-35.3620651,149.1648205,650.92,66.843,2.254994456755936,232.99
2023-07-09 22:05:43,-35.3620623,149.1648256,650.75,66.676,2.122286502807762,233.0
2023-07-09 22:05:43,-35.36206,149.1648306,650.51,66.43,2.022325394193526,233.02
2023-07-09 22:05:43,-35.3620603,149.1648355,650.98,66.902,1.8873261509341728,148.01
2023-07-09 22:05:43,-35.3620578,149.1648419,650.97,66.895,2.813129929455801,158.06
2023-07-09 22:05:43,-35.3620535,149.1648515,651.06,66.986,4.193626115904946,178.83
2023-07-09 22:05:43,-35.3620484,149.1648642,651.09,67.015,5.576844986190669,201.8
2023-07-09 22:05:43,-35.3620435,149.164879,651.05,66.972,6.25242353012014,226.16
2023-07-09 22:05:43,-35.3620392,149.1648935,651.01,66.934,6.01568782434727,242.68
2023-07-09 22:05:43,-35.362035,149.1649066,650.99,66.913,5.6784681032827855,248.5
2023-07-09 22:05:43,-35.3620301,149.1649188,650.99,66.912,5.392680224155702,244.37
2023-07-09 22:05:43,-35.3620231,149.1649303,650.99,66.911,5.326434079194072,236.85
2023-07-09 22:05:44,-35.3620149,149.1649423,650.94,66.867,5.540333924954343,233.33
2023-07-09 22:05:44,-35.3620065,149.1649548,650.86,66.786,5.767815877782508,233.78
2023-07-09 22:05:44,-35.3619981,149.1649675,650.75,66.677,5.952218073962008,236.52
2023-07-09 22:05:44,-35.3619892,149.1649802,650.59,66.519,6.014399388135112,238.5
2023-07-09 22:05:44,-35.3619814,149.1649934,650.49,66.417,5.992345116897057,239.74
2023-07-09 22:05:44,-35.3619744,149.1650066,650.54,66.46,5.797689194843063,237.72
2023-07-09 22:05:44,-35.361968,149.1650197,650.64,66.568,5.7047524047937435,235.62
2023-07-09 22:05:44,-35.3619646,149.1650341,650.86,66.783,5.710709237914324,235.57
2023-07-09 22:05:44,-35.3619634,149.165049,651.12,67.046,5.670775961012743,234.75
2023-07-09 22:05:44,-35.3619628,149.1650634,651.34,67.263,5.619181435049059,233.5
2023-07-09 22:05:44,-35.3619614,149.1650768,651.48,67.409,5.5190216524308005,232.91
2023-07-09 22:05:44,-35.3619469,149.1650826,649.92,65.848,4.700382963121196,235.19
2023-07-09 22:05:44,-35.361931,149.1650877,647.83,63.755,4.8382641515320355,236.09
2023-07-09 22:05:44,-35.3619175,149.1650958,647.01,62.934,4.7046891501989805,241.96
2023-07-09 22:05:44,-35.3619079,149.1651071,647.05,62.978,4.874966666552706,240.21
2023-07-09 22:05:44,-35.3619,149.1651217,647.45,63.375,5.322602746777182,236.86
2023-07-09 22:05:44,-35.361894,149.1651381,647.94,63.861,5.665139009768428,234.49
2023-07-09 22:05:44,-35.3618898,149.1651544,648.36,64.288,5.713737830877437,234.1
2023-07-09 22:05:44,-35.3618868,149.1651699,648.7,64.621,5.6114347541426515,234.89
2023-07-09 22:05:44,-35.3618846,149.1651844,648.94,64.868,5.4194556922259265,235.98
2023-07-09 22:05:44,-35.3618833,149.1651981,649.13,65.058,5.17163417113005,236.72
2023-07-09 22:05:44,-35.3618825,149.1652112,649.3,65.225,4.960252009726926,236.56
2023-07-09 22:05:44,-35.3618821,149.1652238,649.44,65.363,4.785060083217346,235.95
2023-07-09 22:05:44,-35.3618818,149.1652358,649.54,65.466,4.566847928276132,236.01
2023-07-09 22:05:44,-35.3618816,149.1652475,649.6,65.526,4.432301885025432,236.2
2023-07-09 22:05:44,-35.3618817,149.1652591,649.64,65.562,4.352298243457128,236.28
2023-07-09 22:05:44,-35.361882,149.1652703,649.65,65.572,4.294088960419892,235.98
2023-07-09 22:05:44,-35.3618823,149.1652815,649.65,65.57,4.251141023301861,235.52
2023-07-09 22:05:44,-35.3618828,149.1652925,649.64,65.56,4.194591756059224,234.99
2023-07-09 22:05:44,-35.3618833,149.1653034,649.6,65.521,4.146613075752306,234.82
2023-07-09 22:05:44,-35.361884,149.1653143,649.55,65.478,4.128074611728814,234.98
2023-07-09 22:05:44,-35.3618845,149.165325,649.5,65.425,4.098499725509323,235.08
2023-07-09 22:05:44,-35.3618852,149.1653358,649.44,65.364,4.1036569057366385,235.09
2023-07-09 22:05:44,-35.3618861,149.1653466,649.4,65.324,4.1501807189567055,234.7
2023-07-09 22:05:44,-35.3618869,149.1653575,649.37,65.29,4.173535671346299,234.36
2023-07-09 22:05:44,-35.3618876,149.1653683,649.32,65.243,4.131464631338384,234.22
2023-07-09 22:05:44,-35.3618884,149.1653792,649.25,65.179,4.124778781946979,234.21
2023-07-09 22:05:44,-35.3618893,149.1653901,649.21,65.134,4.169184572551329,234.21
2023-07-09 22:05:44,-35.36189,149.1654012,649.17,65.096,4.197106145905771,233.93
2023-07-09 22:05:44,-35.3618906,149.1654122,649.13,65.053,4.25,233.61
2023-07-09 22:05:45,-35.3618913,149.1654232,649.08,65.007,4.242640687119285,233.33
2023-07-09 22:05:45,-35.3618919,149.1654344,649.04,64.963,4.279485950438441,233.18
2023-07-09 22:05:45,-35.3618924,149.1654457,649.0,64.928,4.317788785941248,233.03
2023-07-09 22:05:45,-35.3618928,149.1654569,648.96,64.886,4.3178930046956925,232.76
2023-07-09 22:05:45,-35.3618932,149.1654682,648.92,64.842,4.34442171065379,232.62
2023-07-09 22:05:45,-35.3618936,149.1654798,648.89,64.816,4.392095172010734,232.53
2023-07-09 22:05:45,-35.3618938,149.1654915,648.86,64.78,4.429017949839444,232.44
2023-07-09 22:05:45,-35.3618939,149.1655031,648.83,64.754,4.453773680823937,232.4
2023-07-09 22:05:45,-35.3618939,149.165515,648.8,64.72,4.438839938542501,232.32
2023-07-09 22:05:45,-35.3618939,149.1655267,648.76,64.68,4.456467210695037,232.24
2023-07-09 22:05:45,-35.3618937,149.1655386,648.72,64.64,4.465422712353221,232.23
2023-07-09 22:05:45,-35.3618934,149.1655504,648.68,64.604,4.47362269307549,232.2
2023-07-09 22:05:45,-35.361893,149.1655622,648.74,64.668,4.53357474847388,232.02
2023-07-09 22:05:45,-35.3618926,149.1655744,648.92,64.844,4.671809071441169,231.59
2023-07-09 22:05:45,-35.3618896,149.1655868,648.48,64.401,4.3178930046956925,264.42
2023-07-09 22:05:45,-35.3618885,149.1655969,648.28,64.201,3.551281458853973,265.86
2023-07-09 22:05:45,-35.3618883,149.165605,647.89,63.81,2.688810145770802,249.42
2023-07-09 22:05:45,-35.3618913,149.1656111,647.32,63.243,1.8505404615949363,229.83
2023-07-09 22:05:45,-35.3618985,149.1656151,646.57,62.493,2.141611542740653,217.1
2023-07-09 22:05:45,-35.3619097,149.1656165,645.64,61.56,3.460708020044453,215.88
2023-07-09 22:05:45,-35.3619239,149.1656152,644.49,60.417,4.791294188421329,221.19
2023-07-09 22:05:45,-35.3619404,149.1656103,643.1,59.02,5.992537025334094,228.36
2023-07-09 22:05:45,-35.3619589,149.1656017,641.39,57.312,7.023852219402114,233.8
2023-07-09 22:05:45,-35.3619792,149.1655891,639.35,55.27,8.08606826585084,235.59
2023-07-09 22:05:45,-35.3620005,149.1655727,637.06,52.988,9.009694778403983,235.11
2023-07-09 22:05:45,-35.3620215,149.1655533,634.74,50.666,9.684756063009537,232.59
2023-07-09 22:05:45,-35.3620421,149.1655303,632.47,48.396,10.36752622374306,230.3
2023-07-09 22:05:45,-35.3620623,149.1655023,630.34,46.263,11.438011190762143,228.99
2023-07-09 22:05:45,-35.3620819,149.1654698,628.38,44.308,12.696318363998282,229.59
2023-07-09 22:05:45,-35.3621008,149.1654337,626.65,42.576,13.746104902844296,232.66
2023-07-09 22:05:45,-35.3621189,149.1653963,625.27,41.194,14.25931274641243,235.14
2023-07-09 22:05:45,-35.3621353,149.1653576,624.25,40.178,14.723701980140728,235.9
2023-07-09 22:05:45,-35.3621508,149.1653181,623.61,39.534,15.328251694175691,235.42
2023-07-09 22:05:45,-35.3621657,149.1652783,623.25,39.173,15.863054560834113,233.47
2023-07-09 22:05:45,-35.3621799,149.1652401,623.15,39.072,16.047585488166124,231.65
2023-07-09 22:05:45,-35.3621932,149.1652048,623.26,39.187,15.694056199720963,229.88
2023-07-09 22:05:45,-35.3622055,149.1651736,623.65,39.572,14.771882073723715,228.97
2023-07-09 22:05:45,-35.3622166,149.1651459,624.25,40.171,13.907724472393031,232.91
2023-07-09 22:05:45,-35.3622265,149.16512,624.96,40.883,13.25054715851387,234.36
2023-07-09 22:05:45,-35.362235,149.1650963,625.71,41.634,12.33931116391835,233.44
2023-07-09 22:05:46,-35.3622431,149.1650752,626.51,42.431,11.429820646011905,232.26
2023-07-09 22:05:46,-35.362251,149.1650568,627.27,43.199,10.569432340480732,231.78
2023-07-09 22:05:46,-35.3622589,149.1650407,628.0,43.927,9.759410842873663,232.12
2023-07-09 22:05:46,-35.3622665,149.1650267,628.67,44.59,8.881694658115647,232.79
2023-07-09 22:05:46,-35.3622743,149.165014,629.32,45.243,8.177738073575112,233.31
2023-07-09 22:05:46,-35.3622825,149.1650022,629.85,45.779,7.770566259932412,233.44
2023-07-09 22:05:46,-35.3622917,149.1649907,630.1,46.029,7.7861736430675625,237.11
2023-07-09 22:05:46,-35.3623018,149.1649792,630.15,46.071,8.189774111659002,238.22
2023-07-09 22:05:46,-35.3623144,149.1649665,629.86,45.78,8.976146166367837,236.82
2023-07-09 22:05:46,-35.3623308,149.1649513,628.98,44.906,10.16654316864882,235.32
2023-07-09 22:05:46,-35.36235,149.1649342,627.7,43.621,11.380333914257525,233.18
2023-07-09 22:05:46,-35.3623704,149.1649253,628.49,44.411,11.460017451993693,229.49
2023-07-09 22:05:46,-35.3623899,149.1649219,629.53,45.459,9.735132253852537,229.25
2023-07-09 22:05:46,-35.3624072,149.164922,629.17,45.095,8.564140353824195,231.96
2023-07-09 22:05:46,-35.3624221,149.1649318,628.66,44.583,9.538055357356656,168.13
2023-07-09 22:05:46,-35.3624397,149.1649236,627.29,43.213,9.592835868501034,206.23
2023-07-09 22:05:46,-35.3624559,149.1649158,626.88,42.805,8.356506447074638,221.86
2023-07-09 22:05:46,-35.3624704,149.1649075,627.13,43.051,7.345536059403697,235.33
2023-07-09 22:05:46,-35.3624827,149.1648964,627.68,43.609,6.83424465467838,241.4
2023-07-09 22:05:46,-35.3624924,149.1648821,628.37,44.298,6.490493047527283,239.55
2023-07-09 22:05:46,-35.3624998,149.1648663,629.15,45.074,6.130905316509137,234.43
2023-07-09 22:05:46,-35.362506,149.1648521,630.13,46.055,5.778858018674624,230.16
2023-07-09 22:05:46,-35.362511,149.1648399,631.24,47.168,5.31949245699249,228.69
2023-07-09 22:05:46,-35.3625183,149.1648317,632.6,48.522,5.231175776056469,231.64
2023-07-09 22:05:46,-35.3625275,149.1648271,634.03,49.959,5.2213791281614474,232.72
2023-07-09 22:05:46,-35.3625361,149.1648244,635.48,51.403,5.1008332652616675,229.97
2023-07-09 22:05:46,-35.3625339,149.1648159,635.23,51.151,3.7095147930693035,221.99
2023-07-09 22:05:46,-35.3625252,149.1648019,633.54,49.469,2.9904681907687967,223.48
2023-07-09 22:05:46,-35.3625188,149.1647909,633.03,48.95,3.0227967182726663,235.3
2023-07-09 22:05:46,-35.3625136,149.1647851,633.47,49.394,2.5573814733042854,241.91
2023-07-09 22:05:46,-35.362508,149.1647857,634.22,50.149,2.4334748817277734,242.53
2023-07-09 22:05:46,-35.3625031,149.1647909,635.03,50.955,2.854137347781287,238.78
2023-07-09 22:05:46,-35.3624984,149.1647983,635.7,51.623,3.3802366781040645,234.21
2023-07-09 22:05:46,-35.3624944,149.1648067,636.23,52.151,3.82632983418837,232.97
2023-07-09 22:05:46,-35.3624913,149.1648161,636.64,52.568,4.194305663634925,234.45
2023-07-09 22:05:46,-35.3624885,149.1648258,637.0,52.927,4.320416646574726,236.01
2023-07-09 22:05:46,-35.3624863,149.1648364,637.31,53.236,4.450550527743731,236.4
2023-07-09 22:05:46,-35.3624845,149.1648477,637.62,53.54,4.561096359429386,235.56
2023-07-09 22:05:46,-35.3624831,149.1648596,637.92,53.849,4.610390438997547,234.27
2023-07-09 22:05:46,-35.3624815,149.164872,638.23,54.151,4.700042552998855,233.49
2023-07-09 22:05:46,-35.3624803,149.1648849,638.53,54.451,4.780376554205746,233.4
2023-07-09 22:05:47,-35.3624793,149.164898,638.84,54.762,4.830507219744113,233.51
2023-07-09 22:05:47,-35.3624784,149.1649112,639.13,55.052,4.870369595831511,233.48
2023-07-09 22:05:47,-35.3624776,149.1649242,639.42,55.341,4.831035085776132,233.3
2023-07-09 22:05:47,-35.3624768,149.1649371,639.69,55.614,4.791262881537602,232.99
2023-07-09 22:05:47,-35.3624761,149.1649499,639.96,55.889,4.741276199505783,232.75
2023-07-09 22:05:47,-35.3624755,149.1649625,640.24,56.16,4.730856159301401,232.64
2023-07-09 22:05:47,-35.3624747,149.164975,640.52,56.443,4.71128432595614,232.52
2023-07-09 22:05:47,-35.362474,149.1649876,640.8,56.724,4.671809071441169,232.39
2023-07-09 22:05:47,-35.3624732,149.165,641.06,56.986,4.622434423547834,232.29
2023-07-09 22:05:47,-35.3624724,149.1650122,641.34,57.26,4.591840589567543,232.26
2023-07-09 22:05:47,-35.3624714,149.1650244,641.61,57.531,4.504009325034752,232.22
2023-07-09 22:05:47,-35.3624705,149.1650365,641.88,57.8,4.495386523982115,232.17
2023-07-09 22:05:47,-35.3624695,149.1650486,642.15,58.076,4.485900132637819,231.98
2023-07-09 22:05:47,-35.3624684,149.1650608,642.43,58.353,4.476438316340347,231.8
2023-07-09 22:05:47,-35.3624672,149.1650727,642.7,58.623,4.468780594300866,231.68
2023-07-09 22:05:47,-35.3624658,149.1650846,642.94,58.864,4.423867086610989,231.68
2023-07-09 22:05:47,-35.3624644,149.1650965,643.2,59.124,4.413116812412742,231.76
2023-07-09 22:05:47,-35.362463,149.1651085,643.47,59.398,4.424669479181468,231.69
2023-07-09 22:05:47,-35.3624614,149.1651205,643.74,59.663,4.470727010229992,231.52
2023-07-09 22:05:47,-35.3624597,149.1651326,643.98,59.904,4.47800178651148,231.32
2023-07-09 22:05:47,-35.3624579,149.1651446,644.18,60.104,4.513634898837078,231.26
2023-07-09 22:05:47,-35.362456,149.1651566,644.37,60.293,4.535956348996317,231.33
2023-07-09 22:05:47,-35.3624539,149.1651685,644.52,60.448,4.500155552867034,231.35
2023-07-09 22:05:47,-35.3624517,149.1651804,644.65,60.573,4.513058829663092,231.4
2023-07-09 22:05:47,-35.3624495,149.1651925,644.76,60.688,4.5407047911089755,231.32
2023-07-09 22:05:47,-35.3624471,149.1652046,644.82,60.748,4.568818227944727,231.2
2023-07-09 22:05:47,-35.3624446,149.1652169,644.97,60.897,4.62455403255276,231.13
2023-07-09 22:05:47,-35.3624408,149.1652294,644.98,60.902,4.52478728781807,251.74
2023-07-09 22:05:47,-35.3624378,149.1652407,644.95,60.873,4.0849602201245485,267.15
2023-07-09 22:05:47,-35.3624345,149.1652494,644.69,60.617,3.2481995012621994,253.87
2023-07-09 22:05:47,-35.3624348,149.165256,644.14,60.061,1.8965231345807516,235.44
2023-07-09 22:05:47,-35.3624397,149.1652608,643.33,59.251,1.082081327812286,220.29
2023-07-09 22:05:47,-35.3624494,149.1652637,642.24,58.167,2.444606307772276,215.91
2023-07-09 22:05:47,-35.3624626,149.1652639,640.86,56.783,3.8985253622363416,219.4
2023-07-09 22:05:47,-35.3624792,149.1652606,639.08,55.001,5.311459309831903,225.53
2023-07-09 22:05:47,-35.3624979,149.1652531,636.77,52.698,6.421409502593647,231.56
2023-07-09 22:05:47,-35.3625176,149.1652411,634.05,49.974,7.1748240396542124,237.03
2023-07-09 22:05:47,-35.3625366,149.1652246,631.1,47.028,7.564152298836929,236.78
2023-07-09 22:05:47,-35.362555,149.1652015,628.15,44.073,8.825876726988657,232.47
2023-07-09 22:05:47,-35.3625732,149.1651718,625.24,41.167,10.528043502949634,229.55
2023-07-09 22:05:48,-35.3625915,149.1651374,622.47,38.393,12.141618508254986,229.37
2023-07-09 22:05:48,-35.3626097,149.1651002,619.89,35.818,13.500685167797966,231.75
2023-07-09 22:05:48,-35.3626273,149.1650608,617.55,33.476,14.408764693754978,234.92
2023-07-09 22:05:48,-35.3626443,149.165021,615.55,31.475,14.902194469271967,236.41
2023-07-09 22:05:48,-35.3626609,149.164981,613.88,29.805,15.428661639947906,235.96
2023-07-09 22:05:48,-35.3626776,149.1649395,612.54,28.462,16.187705211054467,234.49
2023-07-09 22:05:48,-35.3626944,149.1648967,611.51,27.43,17.081302643533952,232.9
2023-07-09 22:05:48,-35.3627114,149.1648541,610.76,26.683,17.766330515894385,231.85
2023-07-09 22:05:48,-35.3627285,149.1648133,610.21,26.139,18.060168880716482,231.32
2023-07-09 22:05:48,-35.3627457,149.1647752,609.81,25.738,18.00527978121973,231.66
2023-07-09 22:05:48,-35.3627629,149.1647403,609.52,25.444,17.58731360953116,231.95
2023-07-09 22:05:48,-35.3627802,149.1647085,609.41,25.338,16.684196114886685,231.18
2023-07-09 22:05:48,-35.3627974,149.1646788,609.43,25.357,15.751584047326796,231.87
2023-07-09 22:05:48,-35.3628141,149.1646495,609.57,25.498,15.06192882734479,232.41
2023-07-09 22:05:48,-35.3628299,149.1646192,609.82,25.748,14.577808477271198,231.77
2023-07-09 22:05:48,-35.3628452,149.1645882,610.24,26.164,14.304310539134699,230.67
2023-07-09 22:05:48,-35.36286,149.1645569,610.81,26.73,14.177651427510835,231.12
2023-07-09 22:05:48,-35.3628744,149.1645257,611.51,27.432,14.327585281546922,232.68
2023-07-09 22:05:48,-35.3628879,149.1644955,612.28,28.207,14.27588526151706,232.4
2023-07-09 22:05:48,-35.3629012,149.1644678,613.05,28.97,14.074150063147686,231.2
2023-07-09 22:05:48,-35.3629154,149.1644428,613.48,29.408,13.990632580408935,230.94
2023-07-09 22:05:48,-35.3629334,149.1644185,613.42,29.344,14.134793949683173,226.17
2023-07-09 22:05:48,-35.3629544,149.1643954,612.93,28.855,13.73085940500448,227.98
2023-07-09 22:05:48,-35.3629733,149.1643744,612.86,28.784,13.204639336233308,233.28
2023-07-09 22:05:48,-35.3629868,149.1643531,615.55,31.473,12.906587465321731,238.11
2023-07-09 22:05:48,-35.3629963,149.1643269,617.44,33.36,13.187968001174402,234.4
2023-07-09 22:05:48,-35.3630036,149.164303,618.1,34.028,12.449682726881036,228.84
2023-07-09 22:05:48,-35.363006,149.1643052,618.5,34.429,9.612080940150264,182.98
2023-07-09 22:05:48,-35.3630186,149.1642868,618.81,34.739,9.06644913954741,190.31
2023-07-09 22:05:48,-35.3630314,149.1642791,619.5,35.429,7.911839229913611,207.28
2023-07-09 22:05:48,-35.3630404,149.1642768,620.35,36.274,6.272431745344066,228.87
2023-07-09 22:05:48,-35.3630457,149.1642747,621.24,37.168,5.475262550782382,246.92
2023-07-09 22:05:48,-35.3630503,149.1642727,622.09,38.012,5.17228189487,251.3
2023-07-09 22:05:48,-35.3630552,149.1642709,622.91,38.83,5.040198408793051,244.63
2023-07-09 22:05:48,-35.3630592,149.1642698,623.8,39.724,4.829616962037465,234.3
2023-07-09 22:05:48,-35.3630628,149.1642698,624.82,40.747,4.633206233268707,227.2
2023-07-09 22:05:48,-35.3630682,149.1642722,626.0,41.924,4.846792753976592,227.72
2023-07-09 22:05:48,-35.3630761,149.1642774,627.35,43.276,5.20335468712253,231.49
2023-07-09 22:05:48,-35.3630839,149.1642839,628.78,44.704,5.4365062310274235,232.05
2023-07-09 22:05:48,-35.3630874,149.1642882,629.74,45.665,4.961663027655143,227.1
2023-07-09 22:05:49,-35.3630837,149.1642857,627.91,43.838,3.5506900737743923,224.19
2023-07-09 22:05:49,-35.3630812,149.1642806,626.74,42.667,3.7838076061026142,231.2
2023-07-09 22:05:49,-35.3630803,149.1642784,626.82,42.745,3.8239377609997787,238.5
2023-07-09 22:05:49,-35.3630803,149.1642828,627.54,43.46,3.8983586289616814,240.94
2023-07-09 22:05:49,-35.3630801,149.1642921,628.37,44.297,4.2186490728668105,237.5
2023-07-09 22:05:49,-35.36308,149.1643034,629.16,45.08,4.4502696547512715,232.16
2023-07-09 22:05:49,-35.3630799,149.1643146,629.82,45.745,4.520099556425721,229.51
2023-07-09 22:05:49,-35.3630802,149.1643256,630.39,46.315,4.508802501773614,230.31
2023-07-09 22:05:49,-35.3630809,149.1643362,630.89,46.817,4.464437254570838,232.46
2023-07-09 22:05:49,-35.3630821,149.1643466,631.36,47.289,4.42108583947428,233.71
2023-07-09 22:05:49,-35.3630834,149.1643572,631.86,47.783,4.332216522751374,233.24
2023-07-09 22:05:49,-35.3630847,149.1643679,632.35,48.271,4.23987028103455,231.77
2023-07-09 22:05:49,-35.3630859,149.1643786,632.84,48.762,4.17193000900063,230.57
2023-07-09 22:05:49,-35.3630873,149.1643892,633.34,49.266,4.08827592023826,230.23
2023-07-09 22:05:49,-35.3630883,149.1643995,633.83,49.757,3.975437082887868,230.48
2023-07-09 22:05:49,-35.3630894,149.1644096,634.31,50.231,3.8601683901094264,230.85
2023-07-09 22:05:49,-35.3630903,149.1644194,634.79,50.713,3.7470655185091175,230.93
2023-07-09 22:05:49,-35.3630913,149.1644288,635.27,51.191,3.6239895143336165,230.68
2023-07-09 22:05:49,-35.363092,149.1644378,635.75,51.671,3.4914323708186017,230.41
2023-07-09 22:05:49,-35.3630926,149.1644467,636.23,52.158,3.4003676271838605,230.24
2023-07-09 22:05:49,-35.3630931,149.1644555,636.74,52.661,3.32,230.15
2023-07-09 22:05:49,-35.3630934,149.164464,637.23,53.153,3.2603834130359575,230.12
2023-07-09 22:05:49,-35.3630935,149.1644722,637.73,53.659,3.151920049747455,230.14
2023-07-09 22:05:49,-35.3630935,149.1644802,638.23,54.151,3.0641801513618616,230.15
2023-07-09 22:05:49,-35.3630933,149.1644879,638.71,54.635,2.9767263898450596,230.13
2023-07-09 22:05:49,-35.363093,149.1644956,639.2,55.122,2.9183043021590467,230.12
2023-07-09 22:05:49,-35.3630926,149.164503,639.7,55.628,2.853769437077915,230.06
2023-07-09 22:05:49,-35.363092,149.1645104,640.2,56.123,2.8094483444263574,229.93
2023-07-09 22:05:49,-35.3630913,149.1645176,640.69,56.61,2.756320010448714,229.9
2023-07-09 22:05:49,-35.3630905,149.1645248,641.18,57.108,2.7294688127912363,229.96
2023-07-09 22:05:49,-35.3630894,149.164532,641.68,57.601,2.7389048906451645,230.01
2023-07-09 22:05:49,-35.3630883,149.1645393,642.13,58.056,2.7907884190672716,229.94
2023-07-09 22:05:49,-35.3630869,149.1645465,642.56,58.482,2.8190246540248634,229.76
2023-07-09 22:05:49,-35.3630853,149.1645538,642.93,58.858,2.8740563668793975,229.72
2023-07-09 22:05:49,-35.3630835,149.1645608,643.25,59.17,2.9066131493544165,229.77
2023-07-09 22:05:49,-35.3630815,149.1645678,643.47,59.398,2.923285822494954,229.86
2023-07-09 22:05:49,-35.3630793,149.1645749,643.66,59.583,2.9475752746961357,230.0
2023-07-09 22:05:49,-35.3630769,149.164582,643.79,59.716,2.991521352088265,230.01
2023-07-09 22:05:49,-35.3630742,149.1645892,643.86,59.787,3.008205445111753,229.98
2023-07-09 22:05:49,-35.3630715,149.1645965,643.89,59.811,3.038420642373271,229.95
2023-07-09 22:05:50,-35.3630685,149.164604,643.93,59.851,3.058529058223904,229.99
2023-07-09 22:05:50,-35.3630656,149.1646118,644.13,60.059,3.1777035733371988,230.04
2023-07-09 22:05:50,-35.3630616,149.1646188,643.81,59.731,2.9362561196189954,263.08
2023-07-09 22:05:50,-35.3630579,149.1646247,643.61,59.532,2.5662813563598204,262.03
2023-07-09 22:05:50,-35.3630558,149.1646278,643.03,58.952,1.6538742394752992,243.13
2023-07-09 22:05:50,-35.3630589,149.164629,642.15,58.079,0.72,224.39
2023-07-09 22:05:50,-35.3630681,149.1646288,640.95,56.872,2.558378392654222,215.09
2023-07-09 22:05:50,-35.3630818,149.1646266,639.37,55.298,4.232930427020978,218.37
2023-07-09 22:05:50,-35.3630979,149.1646214,637.32,53.245,5.120390610099975,226.02
2023-07-09 22:05:50,-35.3631149,149.1646111,634.71,50.636,6.011197883949587,230.67
2023-07-09 22:05:50,-35.3631325,149.1645928,631.61,47.535,7.531460681700463,234.08
2023-07-09 22:05:50,-35.3631495,149.1645673,628.25,44.17,9.087777506079249,235.97
2023-07-09 22:05:50,-35.3631657,149.1645364,624.88,40.809,10.561524511167883,236.0
2023-07-09 22:05:50,-35.3631815,149.164502,621.67,37.599,11.924114222867876,234.78
2023-07-09 22:05:50,-35.3631974,149.1644644,618.64,34.569,13.327884303219323,233.35
2023-07-09 22:05:50,-35.3632138,149.1644253,615.81,31.733,14.529480376118068,232.55
2023-07-09 22:05:50,-35.3632306,149.1643855,613.12,29.049,15.514280518283792,232.49
2023-07-09 22:05:50,-35.3632479,149.1643453,610.54,26.469,16.259830872429145,232.92
2023-07-09 22:05:50,-35.363265,149.164305,608.05,23.973,16.80222009140459,233.47
2023-07-09 22:05:50,-35.3632824,149.1642651,605.62,21.547,17.184004189943625,234.01
2023-07-09 22:05:50,-35.3633001,149.1642257,603.25,19.176,17.304149791307285,234.45
2023-07-09 22:05:50,-35.3633182,149.1641869,601.03,16.951,17.355419902727792,234.09
2023-07-09 22:05:50,-35.3633366,149.1641473,598.94,14.867,17.49208392387825,233.62
2023-07-09 22:05:50,-35.3633557,149.1641065,597.06,12.987,17.801146030522865,233.28
2023-07-09 22:05:50,-35.3633758,149.1640647,595.43,11.349,18.302723841002464,233.1
2023-07-09 22:05:50,-35.3633971,149.164022,594.06,9.984,18.886720202300875,232.82
2023-07-09 22:05:50,-35.3634184,149.1639787,592.93,8.859,19.288431766216764,232.68
2023-07-09 22:05:50,-35.36344,149.1639357,592.0,7.929,19.57699159728072,232.68
2023-07-09 22:05:50,-35.3634622,149.1638933,591.2,7.12,19.7466351564007,232.41
2023-07-09 22:05:50,-35.3634844,149.1638515,590.43,6.356,19.781167811835576,232.7
2023-07-09 22:05:50,-35.3635063,149.16381,589.64,5.566,19.762110211209734,233.21
2023-07-09 22:05:50,-35.3635289,149.163768,588.77,4.699,19.86217762482251,233.58
2023-07-09 22:05:50,-35.363552,149.1637258,587.86,3.78,20.042220435869876,233.64
2023-07-09 22:05:50,-35.3635758,149.1636833,586.76,2.688,20.340120451954064,233.48
2023-07-09 22:05:50,-35.3636005,149.1636403,585.36,1.283,20.788912910491497,233.38
2023-07-09 22:05:50,-35.3636272,149.1635967,583.56,-0.518,21.435309654866195,233.32
2023-07-09 22:05:50,-35.3636577,149.1635523,581.04,-3.039,22.291881930424807,233.01
2023-07-09 22:05:50,-35.363698,149.1635183,577.5,-6.576,27.709162744478586,221.61
2023-07-09 22:05:50,-35.3637233,149.1635105,576.38,-7.692,18.325354021136945,203.73
