datetime,lat,lon,alt,speed,satellites,fix_type
2023-07-09 22:04:57,-35.3632621,149.1652374,584.09,0.0,10,6
2023-07-09 22:04:58,-35.3632621,149.1652374,584.09,0.0,10,6
2023-07-09 22:04:58,-35.3632621,149.1652374,584.09,0.0,10,6
2023-07-09 22:04:58,-35.3632621,149.1652374,584.09,0.0,10,6
2023-07-09 22:04:58,-35.3632621,149.1652374,584.09,0.0,10,6
2023-07-09 22:04:59,-35.3632621,149.1652374,584.09,0.0,10,6
2023-07-09 22:04:59,-35.3632621,149.1652374,584.09,0.0,10,6
2023-07-09 22:04:59,-35.3632621,149.1652374,584.09,0.0,10,6
2023-07-09 22:04:59,-35.3632621,149.1652374,584.09,0.0,10,6
2023-07-09 22:05:00,-35.3632621,149.1652374,584.09,0.0,10,6
2023-07-09 22:05:00,-35.3632621,149.1652374,584.09,0.0,10,6
2023-07-09 22:05:00,-35.3632621,149.1652374,584.09,0.0,10,6
2023-07-09 22:05:01,-35.3632621,149.1652374,584.09,0.0,10,6
2023-07-09 22:05:01,-35.3632621,149.1652374,584.09,0.0,10,6
2023-07-09 22:05:01,-35.3632621,149.1652374,584.09,0.0,10,6
2023-07-09 22:05:01,-35.3632621,149.1652374,584.09,0.0,10,6
2023-07-09 22:05:01,-35.3632621,149.1652374,584.09,0.0,10,6
2023-07-09 22:05:02,-35.3632621,149.1652374,584.09,0.0,10,6
2023-07-09 22:05:02,-35.3632621,149.1652374,584.09,0.0,10,6
2023-07-09 22:05:02,-35.3632621,149.1652374,584.09,0.0,10,6
2023-07-09 22:05:02,-35.3632621,149.1652374,584.09,0.0,10,6
2023-07-09 22:05:03,-35.3632621,149.1652374,584.09,0.0,10,6
2023-07-09 22:05:03,-35.3632621,149.1652374,584.09,0.0,10,6
2023-07-09 22:05:03,-35.3632621,149.1652374,584.09,0.0,10,6
2023-07-09 22:05:03,-35.3632621,149.1652374,584.09,0.0,10,6
2023-07-09 22:05:04,-35.3632621,149.1652374,584.09,0.0,10,6
2023-07-09 22:05:04,-35.3632621,149.1652374,584.09,0.0,10,6
2023-07-09 22:05:04,-35.3632621,149.1652374,584.09,0.0,10,6
2023-07-09 22:05:04,-35.3632621,149.1652374,584.09,0.0,10,6
2023-07-09 22:05:05,-35.3632621,149.1652374,584.09,0.0,10,6
2023-07-09 22:05:05,-35.3632621,149.1652374,584.09,0.0,10,6
2023-07-09 22:05:05,-35.3632621,149.1652374,584.09,0.0,10,6
2023-07-09 22:05:05,-35.3632621,149.1652374,584.09,0.0,10,6
2023-07-09 22:05:06,-35.3632621,149.1652374,584.09,0.0,10,6
2023-07-09 22:05:06,-35.3632621,149.1652374,584.09,0.0,10,6
2023-07-09 22:05:06,-35.3632621,149.1652374,584.09,0.0,10,6
2023-07-09 22:05:06,-35.3632621,149.1652374,584.09,0.0,10,6
2023-07-09 22:05:07,-35.3632621,149.1652374,584.09,0.0,10,6
2023-07-09 22:05:07,-35.3632621,149.1652374,584.09,0.0,10,6
2023-07-09 22:05:07,-35.3632621,149.1652374,584.09,0.0,10,6
2023-07-09 22:05:07,-35.3632621,149.1652374,584.09,0.0,10,6
2023-07-09 22:05:08,-35.3632621,149.1652374,584.09,0.0,10,6
2023-07-09 22:05:08,-35.3632621,149.1652374,584.09,0.0,10,6
2023-07-09 22:05:08,-35.3632621,149.1652374,584.09,0.0,10,6
2023-07-09 22:05:08,-35.3632621,149.1652374,584.09,0.0,10,6
2023-07-09 22:05:09,-35.3632621,149.1652374,584.09,0.0,10,6
2023-07-09 22:05:09,-35.3632621,149.1652374,584.09,0.0,10,6
2023-07-09 22:05:09,-35.3632621,149.1652374,584.09,0.0,10,6
2023-07-09 22:05:09,-35.3632621,149.1652374,584.09,0.0,10,6
2023-07-09 22:05:10,-35.3632621,149.1652374,584.09,0.0,10,6
2023-07-09 22:05:10,-35.3632621,149.1652374,584.09,0.0,10,6
2023-07-09 22:05:10,-35.3632621,149.1652374,584.09,0.0,10,6
2023-07-09 22:05:10,-35.3632621,149.1652374,584.09,0.0,10,6
2023-07-09 22:05:11,-35.3632621,149.1652374,584.09,0.0,10,6
2023-07-09 22:05:11,-35.3632621,149.1652374,584.09,0.0,10,6
2023-07-09 22:05:11,-35.3632621,149.1652374,584.09,0.0,10,6
2023-07-09 22:05:11,-35.3632621,149.1652374,584.09,0.0,10,6
2023-07-09 22:05:12,-35.3632621,149.1652374,584.09,0.0,10,6
2023-07-09 22:05:12,-35.3632621,149.1652374,584.09,0.0,10,6
2023-07-09 22:05:12,-35.3632621,149.1652374,584.09,0.0,10,6
2023-07-09 22:05:12,-35.3632621,149.1652374,584.09,0.0,10,6
2023-07-09 22:05:13,-35.3632621,149.1652374,584.09,0.0,10,6
2023-07-09 22:05:13,-35.3632621,149.1652374,584.09,0.0,10,6
2023-07-09 22:05:13,-35.3632621,149.1652374,584.09,0.0,10,6
2023-07-09 22:05:13,-35.3632621,149.1652374,584.09,0.0,10,6
2023-07-09 22:05:14,-35.3632621,149.1652374,584.09,0.0,10,6
2023-07-09 22:05:14,-35.3632621,149.1652374,584.09,0.0,10,6
2023-07-09 22:05:14,-35.3632621,149.1652374,584.09,0.0,10,6
2023-07-09 22:05:14,-35.3632621,149.1652374,584.09,0.0,10,6
2023-07-09 22:05:15,-35.3632621,149.1652374,584.09,0.0,10,6
2023-07-09 22:05:15,-35.3632621,149.1652374,584.09,0.0,10,6
2023-07-09 22:05:15,-35.3632621,149.1652374,584.09,0.0,10,6
2023-07-09 22:05:15,-35.3632621,149.1652374,584.09,0.0,10,6
2023-07-09 22:05:16,-35.3632621,149.1652374,584.09,0.0,10,6
2023-07-09 22:05:16,-35.3632621,149.1652374,584.09,0.0,10,6
2023-07-09 22:05:16,-35.3632621,149.1652374,584.09,0.0,10,6
2023-07-09 22:05:16,-35.3632621,149.1652374,584.09,0.0,10,6
2023-07-09 22:05:17,-35.3632621,149.1652374,584.09,0.0,10,6
2023-07-09 22:05:17,-35.3632621,149.1652374,584.09,0.0,10,6
2023-07-09 22:05:17,-35.3632621,149.1652374,584.09,0.0,10,6
2023-07-09 22:05:17,-35.3632621,149.1652374,584.09,0.0,10,6
2023-07-09 22:05:18,-35.3632621,149.1652374,584.09,0.0,10,6
2023-07-09 22:05:18,-35.3632621,149.1652374,584.09,0.0,10,6
2023-07-09 22:05:18,-35.3632621,149.1652374,584.09,0.0,10,6
2023-07-09 22:05:18,-35.3632621,149.1652374,584.09,0.0,10,6
2023-07-09 22:05:19,-35.3632621,149.1652374,584.09,0.0,10,6
2023-07-09 22:05:19,-35.3632621,149.1652374,584.09,0.0,10,6
2023-07-09 22:05:19,-35.3632621,149.1652374,584.09,0.0,10,6
2023-07-09 22:05:19,-35.3632621,149.1652374,584.09,0.0,10,6
2023-07-09 22:05:20,-35.3632621,149.1652374,584.09,0.0,10,6
2023-07-09 22:05:20,-35.3632621,149.1652374,584.09,0.0,10,6
2023-07-09 22:05:20,-35.3632621,149.1652374,584.09,0.0,10,6
2023-07-09 22:05:20,-35.3632621,149.1652374,584.09,0.0,10,6
2023-07-09 22:05:21,-35.3632621,149.1652374,584.09,0.0,10,6
2023-07-09 22:05:21,-35.3632621,149.1652374,584.09,0.0,10,6
2023-07-09 22:05:21,-35.3632621,149.1652374,584.09,0.0,10,6
2023-07-09 22:05:21,-35.3632621,149.1652374,584.09,0.0,10,6
2023-07-09 22:05:22,-35.3632621,149.1652374,584.09,0.0,10,6
2023-07-09 22:05:22,-35.3632621,149.1652374,584.09,0.0,10,6
2023-07-09 22:05:22,-35.3632621,149.1652374,584.09,0.0,10,6
2023-07-09 22:05:22,-35.3632621,149.1652374,584.09,0.0,10,6
2023-07-09 22:05:23,-35.3632621,149.1652374,584.09,0.0,10,6
2023-07-09 22:05:23,-35.3632621,149.1652374,584.09,0.0,10,6
2023-07-09 22:05:23,-35.3632621,149.1652374,584.09,0.0,10,6
2023-07-09 22:05:23,-35.3632621,149.1652374,584.09,0.0,10,6
2023-07-09 22:05:24,-35.3632621,149.1652374,584.09,0.0,10,6
2023-07-09 22:05:24,-35.3632621,149.1652374,584.09,0.0,10,6
2023-07-09 22:05:24,-35.3632621,149.1652374,584.09,0.0,10,6
2023-07-09 22:05:24,-35.3632621,149.1652374,584.09,0.0,10,6
2023-07-09 22:05:25,-35.3632621,149.1652374,584.09,0.0,10,6
2023-07-09 22:05:25,-35.3632621,149.1652374,584.09,0.0,10,6
2023-07-09 22:05:25,-35.3632621,149.1652374,584.09,0.0,10,6
2023-07-09 22:05:25,-35.3632621,149.1652374,584.09,0.0,10,6
2023-07-09 22:05:26,-35.3632621,149.1652374,584.09,0.0,10,6
2023-07-09 22:05:26,-35.3632621,149.1652374,584.09,0.0,10,6
2023-07-09 22:05:26,-35.3632621,149.1652374,584.09,0.0,10,6
2023-07-09 22:05:26,-35.3632621,149.1652374,584.09,0.0,10,6
2023-07-09 22:05:27,-35.3632621,149.1652374,584.09,0.0,10,6
2023-07-09 22:05:27,-35.3632621,149.1652374,584.09,0.0,10,6
2023-07-09 22:05:27,-35.3632621,149.1652374,584.09,0.0,10,6
2023-07-09 22:05:27,-35.3632621,149.1652374,584.09,0.0,10,6
2023-07-09 22:05:28,-35.3632621,149.1652374,584.09,0.0,10,6
2023-07-09 22:05:28,-35.3632621,149.1652374,584.09,0.0,10,6
2023-07-09 22:05:28,-35.3632621,149.1652374,584.09,0.0,10,6
2023-07-09 22:05:28,-35.3632621,149.1652374,584.09,0.0,10,6
2023-07-09 22:05:29,-35.3632621,149.1652374,584.09,0.0,10,6
2023-07-09 22:05:29,-35.3632621,149.1652374,584.11,0.0,10,6
2023-07-09 22:05:29,-35.3632621,149.1652374,584.18,0.0,10,6
2023-07-09 22:05:29,-35.3632621,149.1652374,584.66,0.01,10,6
2023-07-09 22:05:30,-35.3632621,149.1652374,585.04,0.01,10,6
2023-07-09 22:05:30,-35.3632621,149.1652373,585.44,0.02,10,6
2023-07-09 22:05:30,-35.3632621,149.1652373,585.89,0.02,10,6
2023-07-09 22:05:30,-35.363262,149.1652372,586.89,0.01,10,6
2023-07-09 22:05:31,-35.363262,149.1652372,587.41,0.01,10,6
2023-07-09 22:05:31,-35.363262,149.1652372,587.94,0.01,10,6
2023-07-09 22:05:31,-35.363262,149.1652372,588.45,0.01,10,6
2023-07-09 22:05:31,-35.363262,149.1652372,589.4,0.0,10,6
2023-07-09 22:05:32,-35.363262,149.1652372,589.83,0.0,10,6
2023-07-09 22:05:32,-35.363262,149.1652372,590.25,0.0,10,6
2023-07-09 22:05:32,-35.363262,149.1652372,590.63,0.0,10,6
2023-07-09 22:05:32,-35.363262,149.1652372,591.31,0.0,10,6
2023-07-09 22:05:33,-35.363262,149.1652372,591.61,0.0,10,6
2023-07-09 22:05:33,-35.363262,149.1652372,591.9,0.0,10,6
2023-07-09 22:05:33,-35.363262,149.1652372,592.17,0.0,10,6
2023-07-09 22:05:33,-35.363262,149.1652372,592.63,0.0,10,6
2023-07-09 22:05:34,-35.363262,149.1652372,592.83,0.0,10,6
2023-07-09 22:05:34,-35.363262,149.1652372,593.02,0.0,10,6
2023-07-09 22:05:34,-35.363262,149.1652372,593.18,0.0,10,6
2023-07-09 22:05:34,-35.363262,149.1652372,593.44,0.0,10,6
2023-07-09 22:05:35,-35.363262,149.1652372,593.54,0.0,10,6
2023-07-09 22:05:35,-35.363262,149.1652372,593.61,0.0,10,6
2023-07-09 22:05:35,-35.363262,149.1652372,593.65,0.0,10,6
2023-07-09 22:05:35,-35.3632616,149.1652372,593.68,0.22,10,6
2023-07-09 22:05:35,-35.3632611,149.1652373,593.7,0.29,10,6
2023-07-09 22:05:35,-35.3632606,149.1652374,593.76,0.29,10,6
2023-07-09 22:05:35,-35.3632601,149.1652375,593.86,0.27,10,6
2023-07-09 22:05:35,-35.3632593,149.1652377,594.2,0.17,10,6
2023-07-09 22:05:35,-35.363259,149.1652377,594.45,0.12,10,6
2023-07-09 22:05:35,-35.3632588,149.1652378,594.74,0.07,10,6
2023-07-09 22:05:35,-35.3632587,149.1652378,595.07,0.03,10,6
2023-07-09 22:05:35,-35.3632587,149.1652378,595.84,0.04,10,6
2023-07-09 22:05:35,-35.3632587,149.1652377,596.29,0.06,10,6
2023-07-09 22:05:35,-35.3632589,149.1652376,596.76,0.07,10,6
2023-07-09 22:05:35,-35.363259,149.1652375,597.26,0.07,10,6
2023-07-09 22:05:35,-35.3632592,149.1652375,598.27,0.07,10,6
2023-07-09 22:05:35,-35.3632594,149.1652374,598.76,0.06,10,6
2023-07-09 22:05:35,-35.3632595,149.1652374,599.25,0.06,10,6
2023-07-09 22:05:35,-35.3632596,149.1652374,599.74,0.05,10,6
2023-07-09 22:05:36,-35.3632598,149.1652373,600.7,0.04,10,6
2023-07-09 22:05:36,-35.3632598,149.1652373,601.18,0.04,10,6
2023-07-09 22:05:36,-35.3632599,149.1652373,601.66,0.03,10,6
2023-07-09 22:05:36,-35.3632599,149.1652372,602.14,0.03,10,6
2023-07-09 22:05:36,-35.3632601,149.1652372,603.09,0.02,10,6
2023-07-09 22:05:36,-35.3632601,149.1652372,603.57,0.02,10,6
2023-07-09 22:05:36,-35.3632602,149.1652372,604.05,0.02,10,6
2023-07-09 22:05:36,-35.3632602,149.1652371,604.52,0.02,10,6
2023-07-09 22:05:36,-35.3632603,149.165237,605.47,0.01,10,6
2023-07-09 22:05:36,-35.3632603,149.165237,605.95,0.01,10,6
2023-07-09 22:05:36,-35.3632604,149.165237,606.43,0.01,10,6
2023-07-09 22:05:36,-35.3632604,149.165237,606.9,0.01,10,6
2023-07-09 22:05:36,-35.3632604,149.165237,607.85,0.0,10,6
2023-07-09 22:05:36,-35.3632604,149.165237,608.31,0.0,10,6
2023-07-09 22:05:36,-35.3632604,149.165237,608.76,0.0,10,6
2023-07-09 22:05:36,-35.3632604,149.165237,609.18,0.01,10,6
2023-07-09 22:05:36,-35.3632604,149.165237,609.96,0.02,10,6
2023-07-09 22:05:36,-35.3632603,149.165237,610.3,0.02,10,6
2023-07-09 22:05:36,-35.3632603,149.165237,610.62,0.02,10,6
2023-07-09 22:05:36,-35.3632603,149.165237,610.91,0.01,10,6
2023-07-09 22:05:36,-35.3632602,149.165237,611.45,0.0,10,6
2023-07-09 22:05:36,-35.3632602,149.165237,611.68,0.0,10,6
2023-07-09 22:05:36,-35.3632602,149.165237,611.89,0.0,10,6
2023-07-09 22:05:36,-35.3632603,149.165237,612.08,0.0,10,6
2023-07-09 22:05:36,-35.3632603,149.165237,612.42,0.01,10,6
2023-07-09 22:05:36,-35.3632603,149.165237,612.55,0.01,10,6
2023-07-09 22:05:36,-35.3632603,149.165237,612.66,0.01,10,6
2023-07-09 22:05:36,-35.3632603,149.165237,612.75,0.01,10,6
2023-07-09 22:05:36,-35.3632603,149.165237,612.85,0.01,10,6
2023-07-09 22:05:36,-35.3632604,149.165237,612.85,0.04,10,6
2023-07-09 22:05:36,-35.3632604,149.1652369,612.84,0.09,10,6
2023-07-09 22:05:36,-35.3632607,149.1652368,612.83,0.15,10,6
2023-07-09 22:05:36,-35.3632612,149.1652359,612.8,0.35,10,6
2023-07-09 22:05:36,-35.3632616,149.1652351,612.8,0.49,10,6
2023-07-09 22:05:36,-35.3632621,149.1652339,612.81,0.76,10,6
2023-07-09 22:05:36,-35.3632629,149.165232,612.86,1.24,10,6
2023-07-09 22:05:36,-35.3632666,149.1652254,613.04,2.34,10,6
2023-07-09 22:05:36,-35.3632693,149.1652209,613.17,2.73,10,6
2023-07-09 22:05:36,-35.3632724,149.1652158,613.32,2.95,10,6
2023-07-09 22:05:36,-35.3632757,149.1652106,613.5,2.99,10,6
2023-07-09 22:05:37,-35.3632824,149.1652009,613.92,2.76,10,6
2023-07-09 22:05:37,-35.3632859,149.1651968,614.15,2.59,10,6
2023-07-09 22:05:37,-35.3632894,149.1651931,614.4,2.47,10,6
2023-07-09 22:05:37,-35.3632928,149.1651898,614.66,2.47,10,6
2023-07-09 22:05:37,-35.3633004,149.1651827,615.27,2.88,10,6
2023-07-09 22:05:37,-35.3633045,149.1651784,615.63,3.1,10,6
2023-07-09 22:05:37,-35.3633088,149.1651737,616.04,3.26,10,6
2023-07-09 22:05:37,-35.3633131,149.1651687,616.48,3.34,10,6
2023-07-09 22:05:37,-35.3633212,149.1651575,617.38,3.5,10,6
2023-07-09 22:05:37,-35.363325,149.1651512,617.84,3.52,10,6
2023-07-09 22:05:37,-35.3633283,149.1651452,618.32,2.88,10,6
2023-07-09 22:05:37,-35.3633303,149.165141,618.8,1.53,10,6
2023-07-09 22:05:37,-35.3633272,149.1651386,619.89,2.49,10,6
2023-07-09 22:05:37,-35.3633218,149.1651379,620.69,3.45,10,6
2023-07-09 22:05:37,-35.3633152,149.1651362,621.44,4.05,10,6
2023-07-09 22:05:37,-35.3633076,149.1651336,621.98,4.66,10,6
2023-07-09 22:05:37,-35.3632899,149.1651243,622.41,6.16,10,6
2023-07-09 22:05:37,-35.3632799,149.1651166,622.36,6.94,10,6
2023-07-09 22:05:37,-35.3632698,149.1651063,622.18,7.68,10,6
2023-07-09 22:05:37,-35.3632599,149.1650934,621.91,8.47,10,6
2023-07-09 22:05:37,-35.3632415,149.1650594,621.2,10.04,10,6
2023-07-09 22:05:37,-35.3632334,149.1650387,620.79,10.71,10,6
2023-07-09 22:05:37,-35.3632262,149.1650161,620.37,11.28,10,6
2023-07-09 22:05:37,-35.3632202,149.1649918,619.94,11.74,10,6
2023-07-09 22:05:37,-35.3632116,149.1649397,619.12,12.35,10,6
2023-07-09 22:05:37,-35.3632092,149.1649124,618.72,12.53,10,6
2023-07-09 22:05:37,-35.363208,149.1648847,618.35,12.66,10,6
2023-07-09 22:05:37,-35.3632079,149.1648567,618.01,12.77,10,6
2023-07-09 22:05:37,-35.3632116,149.1648002,617.49,12.91,10,6
2023-07-09 22:05:37,-35.3632153,149.1647721,617.31,12.94,10,6
2023-07-09 22:05:37,-35.3632202,149.1647442,617.19,12.94,10,6
2023-07-09 22:05:37,-35.3632261,149.1647166,617.13,12.92,10,6
2023-07-09 22:05:37,-35.3632409,149.164663,617.14,12.77,10,6
2023-07-09 22:05:37,-35.3632499,149.1646375,617.2,12.44,10,6
2023-07-09 22:05:37,-35.3632604,149.164614,617.33,11.82,10,6
2023-07-09 22:05:37,-35.3632724,149.1645936,617.53,11.03,10,6
2023-07-09 22:05:37,-35.3633002,149.1645651,618.15,9.2,10,6
2023-07-09 22:05:37,-35.3633149,149.1645581,618.56,8.32,10,6
2023-07-09 22:05:37,-35.363329,149.1645558,619.04,7.49,10,6
2023-07-09 22:05:37,-35.3633416,149.1645578,619.61,6.67,10,6
2023-07-09 22:05:37,-35.36336,149.1645699,620.97,5.27,10,6
2023-07-09 22:05:38,-35.3633661,149.1645783,621.67,4.9,10,6
2023-07-09 22:05:38,-35.3633702,149.1645876,622.33,4.77,10,6
2023-07-09 22:05:38,-35.3633727,149.1645977,622.93,4.83,10,6
2023-07-09 22:05:38,-35.3633736,149.16462,624.0,5.38,10,6
2023-07-09 22:05:38,-35.3633722,149.1646322,624.5,5.77,10,6
2023-07-09 22:05:38,-35.3633699,149.1646451,624.98,6.19,10,6
2023-07-09 22:05:38,-35.3633665,149.1646585,625.45,6.57,10,6
2023-07-09 22:05:38,-35.3633565,149.1646853,626.38,6.68,10,6
2023-07-09 22:05:38,-35.3633497,149.1646972,626.83,6.52,10,6
2023-07-09 22:05:38,-35.3633419,149.1647076,627.27,6.28,10,6
2023-07-09 22:05:38,-35.3633334,149.1647161,627.68,5.95,10,6
2023-07-09 22:05:38,-35.3633156,149.1647271,628.41,5.17,10,6
2023-07-09 22:05:38,-35.3633067,149.1647292,628.69,4.9,10,6
2023-07-09 22:05:38,-35.363298,149.1647294,628.91,4.8,10,6
2023-07-09 22:05:38,-35.3632894,149.1647276,629.04,5.02,10,6
2023-07-09 22:05:38,-35.3632711,149.1647176,629.11,6.29,10,6
2023-07-09 22:05:38,-35.3632611,149.1647093,629.09,7.08,10,6
2023-07-09 22:05:38,-35.3632507,149.1646989,629.06,7.87,10,6
2023-07-09 22:05:38,-35.3632398,149.1646867,629.04,8.62,10,6
2023-07-09 22:05:38,-35.3632169,149.1646569,629.08,9.87,10,6
2023-07-09 22:05:38,-35.3632051,149.1646399,629.15,10.35,10,6
2023-07-09 22:05:38,-35.3631934,149.1646216,629.25,10.74,10,6
2023-07-09 22:05:38,-35.3631817,149.1646023,629.41,11.05,10,6
2023-07-09 22:05:38,-35.3631587,149.1645613,629.89,11.5,10,6
2023-07-09 22:05:38,-35.3631477,149.1645397,630.24,11.7,10,6
2023-07-09 22:05:38,-35.3631368,149.1645173,630.7,11.92,10,6
2023-07-09 22:05:38,-35.3631262,149.1644941,631.28,12.14,10,6
2023-07-09 22:05:38,-35.3631057,149.1644461,632.75,12.49,10,6
2023-07-09 22:05:38,-35.3630957,149.1644213,633.62,12.61,10,6
2023-07-09 22:05:38,-35.3630857,149.1643963,634.56,12.7,10,6
2023-07-09 22:05:38,-35.3630757,149.1643709,635.55,12.75,10,6
2023-07-09 22:05:38,-35.3630557,149.1643202,637.67,12.77,10,6
2023-07-09 22:05:38,-35.3630454,149.1642951,638.75,12.78,10,6
2023-07-09 22:05:38,-35.3630347,149.1642706,639.66,12.38,10,6
2023-07-09 22:05:38,-35.3630235,149.1642479,640.18,11.72,10,6
2023-07-09 22:05:38,-35.3629995,149.1642076,640.05,11.15,10,6
2023-07-09 22:05:38,-35.362987,149.1641882,639.77,11.38,10,6
2023-07-09 22:05:38,-35.3629741,149.1641682,639.59,11.75,10,6
2023-07-09 22:05:38,-35.3629611,149.1641473,639.54,12.11,10,6
2023-07-09 22:05:38,-35.3629344,149.1641035,639.75,12.62,10,6
2023-07-09 22:05:39,-35.3629209,149.164081,639.95,12.77,10,6
2023-07-09 22:05:39,-35.3629071,149.1640583,640.17,12.86,10,6
2023-07-09 22:05:39,-35.3628933,149.1640355,640.41,12.93,10,6
2023-07-09 22:05:39,-35.3628653,149.1639898,640.89,13.01,10,6
2023-07-09 22:05:39,-35.3628511,149.1639669,641.14,13.04,10,6
2023-07-09 22:05:39,-35.3628369,149.1639441,641.38,13.07,10,6
2023-07-09 22:05:39,-35.3628226,149.1639212,641.61,13.09,10,6
2023-07-09 22:05:39,-35.3627934,149.1638757,642.03,13.15,10,6
2023-07-09 22:05:39,-35.3627786,149.163853,642.2,13.2,10,6
2023-07-09 22:05:39,-35.3627635,149.1638305,642.35,13.26,10,6
2023-07-09 22:05:39,-35.3627482,149.1638081,642.44,13.35,10,6
2023-07-09 22:05:39,-35.3627161,149.1637637,642.48,13.57,10,6
2023-07-09 22:05:39,-35.3626994,149.163742,642.45,13.31,10,6
2023-07-09 22:05:39,-35.3626831,149.1637218,642.43,12.5,10,6
2023-07-09 22:05:39,-35.3626675,149.1637036,642.42,11.42,10,6
2023-07-09 22:05:39,-35.3626373,149.1636758,642.32,9.77,10,6
2023-07-09 22:05:39,-35.3626223,149.163666,642.23,9.29,10,6
2023-07-09 22:05:39,-35.362607,149.1636586,642.1,8.95,10,6
2023-07-09 22:05:39,-35.3625918,149.1636533,641.93,8.67,10,6
2023-07-09 22:05:39,-35.3625619,149.1636474,641.41,8.26,10,6
2023-07-09 22:05:39,-35.3625472,149.1636467,641.08,8.1,10,6
2023-07-09 22:05:39,-35.3625327,149.1636474,640.7,7.98,10,6
2023-07-09 22:05:39,-35.3625186,149.1636493,640.29,7.9,10,6
2023-07-09 22:05:39,-35.362491,149.1636572,639.43,7.88,10,6
2023-07-09 22:05:39,-35.3624776,149.163663,639.0,7.94,10,6
2023-07-09 22:05:39,-35.3624645,149.1636701,638.58,8.06,10,6
2023-07-09 22:05:39,-35.3624516,149.1636785,638.17,8.2,10,6
2023-07-09 22:05:39,-35.3624267,149.1636979,637.41,8.05,10,6
2023-07-09 22:05:39,-35.3624151,149.1637079,637.05,7.67,10,6
2023-07-09 22:05:39,-35.3624042,149.1637174,636.7,7.23,10,6
2023-07-09 22:05:39,-35.362394,149.1637265,636.36,6.83,10,6
2023-07-09 22:05:39,-35.3623755,149.1637439,635.68,6.18,10,6
2023-07-09 22:05:39,-35.3623671,149.1637524,635.35,5.87,10,6
2023-07-09 22:05:39,-35.3623594,149.1637607,635.06,5.53,10,6
2023-07-09 22:05:39,-35.3623524,149.1637687,634.79,5.15,10,6
2023-07-09 22:05:39,-35.3623399,149.1637834,634.36,4.56,10,6
2023-07-09 22:05:39,-35.3623347,149.1637908,634.17,4.26,10,6
2023-07-09 22:05:39,-35.3623307,149.1637981,634.0,3.69,10,6
2023-07-09 22:05:39,-35.362328,149.1638047,633.86,3.07,10,6
2023-07-09 22:05:39,-35.3623269,149.1638161,633.73,2.39,10,6
2023-07-09 22:05:40,-35.3623283,149.1638211,633.77,2.47,10,6
2023-07-09 22:05:40,-35.3623309,149.1638257,633.88,2.74,10,6
2023-07-09 22:05:40,-35.3623345,149.1638303,634.05,3.11,10,6
2023-07-09 22:05:40,-35.3623447,149.1638395,634.59,3.88,10,6
2023-07-09 22:05:40,-35.3623508,149.1638443,634.95,4.21,10,6
2023-07-09 22:05:40,-35.3623575,149.1638493,635.35,4.51,10,6
2023-07-09 22:05:40,-35.3623647,149.1638545,635.78,4.76,10,6
2023-07-09 22:05:40,-35.36238,149.1638659,636.72,5.18,10,6
2023-07-09 22:05:40,-35.3623882,149.163872,637.21,5.36,10,6
2023-07-09 22:05:40,-35.3623964,149.1638783,637.71,5.51,10,6
2023-07-09 22:05:40,-35.3624049,149.1638849,638.22,5.65,10,6
2023-07-09 22:05:40,-35.3624224,149.1638986,639.23,5.89,10,6
2023-07-09 22:05:40,-35.3624314,149.1639058,639.75,5.99,10,6
2023-07-09 22:05:40,-35.3624405,149.163913,640.26,6.08,10,6
2023-07-09 22:05:40,-35.3624497,149.1639204,640.77,6.16,10,6
2023-07-09 22:05:40,-35.3624684,149.1639356,641.8,6.3,10,6
2023-07-09 22:05:40,-35.3624778,149.1639434,642.32,6.37,10,6
2023-07-09 22:05:40,-35.3624874,149.1639513,642.83,6.43,10,6
2023-07-09 22:05:40,-35.3624971,149.1639591,643.34,6.5,10,6
2023-07-09 22:05:40,-35.3625167,149.1639751,644.36,6.61,10,6
2023-07-09 22:05:40,-35.3625267,149.1639831,644.86,6.67,10,6
2023-07-09 22:05:40,-35.3625368,149.1639912,645.37,6.73,10,6
2023-07-09 22:05:40,-35.3625469,149.1639994,645.88,6.78,10,6
2023-07-09 22:05:40,-35.3625675,149.1640158,646.89,6.86,10,6
2023-07-09 22:05:40,-35.3625779,149.1640241,647.39,6.91,10,6
2023-07-09 22:05:40,-35.3625883,149.1640325,647.89,6.94,10,6
2023-07-09 22:05:40,-35.3625987,149.1640409,648.37,6.91,10,6
2023-07-09 22:05:40,-35.3626187,149.1640584,649.26,6.76,10,6
2023-07-09 22:05:40,-35.3626283,149.1640674,649.63,6.65,10,6
2023-07-09 22:05:40,-35.3626373,149.1640767,649.94,6.47,10,6
2023-07-09 22:05:40,-35.3626455,149.1640863,650.17,6.19,10,6
2023-07-09 22:05:40,-35.3626596,149.1641064,650.37,6.01,10,6
2023-07-09 22:05:40,-35.3626676,149.1641157,650.56,6.38,10,6
2023-07-09 22:05:40,-35.3626778,149.1641233,650.93,6.87,10,6
2023-07-09 22:05:40,-35.3626895,149.1641294,651.4,7.24,10,6
2023-07-09 22:05:40,-35.3627144,149.1641407,652.52,7.43,10,6
2023-07-09 22:05:40,-35.3627269,149.1641466,653.15,7.39,10,6
2023-07-09 22:05:40,-35.3627391,149.1641528,653.81,7.3,10,6
2023-07-09 22:05:40,-35.3627509,149.1641594,654.47,7.18,10,6
2023-07-09 22:05:40,-35.362774,149.1641727,655.59,6.98,10,6
2023-07-09 22:05:41,-35.3627855,149.1641784,655.99,6.88,10,6
2023-07-09 22:05:41,-35.3627973,149.1641829,656.26,6.91,10,6
2023-07-09 22:05:41,-35.3628096,149.1641866,656.47,7.06,10,6
2023-07-09 22:05:41,-35.3628348,149.1641937,656.9,7.33,10,6
2023-07-09 22:05:41,-35.3628476,149.1641977,657.11,7.41,10,6
2023-07-09 22:05:41,-35.3628606,149.1642015,657.26,7.45,10,6
2023-07-09 22:05:41,-35.3628736,149.1642051,657.32,7.46,10,6
2023-07-09 22:05:41,-35.3629002,149.1642105,657.19,7.55,10,6
2023-07-09 22:05:41,-35.3629138,149.1642122,657.03,7.69,10,6
2023-07-09 22:05:41,-35.3629277,149.1642139,656.82,7.89,10,6
2023-07-09 22:05:41,-35.362942,149.1642155,656.61,8.07,10,6
2023-07-09 22:05:41,-35.3629709,149.1642208,656.37,8.06,10,6
2023-07-09 22:05:41,-35.3629849,149.1642246,656.4,7.93,10,6
2023-07-09 22:05:41,-35.3629984,149.1642295,656.52,7.79,10,6
2023-07-09 22:05:41,-35.3630115,149.1642352,656.67,7.67,10,6
2023-07-09 22:05:41,-35.3630364,149.1642487,656.94,7.45,10,6
2023-07-09 22:05:41,-35.3630483,149.1642559,657.0,7.33,10,6
2023-07-09 22:05:41,-35.36306,149.164263,656.98,7.21,10,6
2023-07-09 22:05:41,-35.3630717,149.1642696,656.87,7.12,10,6
2023-07-09 22:05:41,-35.3630953,149.1642817,656.42,7.15,10,6
2023-07-09 22:05:41,-35.3631073,149.1642876,656.18,7.26,10,6
2023-07-09 22:05:41,-35.3631196,149.1642933,655.94,7.39,10,6
2023-07-09 22:05:41,-35.3631323,149.1642987,655.73,7.52,10,6
2023-07-09 22:05:41,-35.3631579,149.1643097,655.47,7.51,10,6
2023-07-09 22:05:41,-35.3631704,149.1643156,655.49,7.38,10,6
2023-07-09 22:05:41,-35.3631823,149.1643221,655.61,7.12,10,6
2023-07-09 22:05:41,-35.3631934,149.1643292,655.82,6.72,10,6
2023-07-09 22:05:41,-35.363212,149.1643443,656.36,5.65,10,6
2023-07-09 22:05:41,-35.363219,149.1643522,656.64,5.01,10,6
2023-07-09 22:05:41,-35.3632246,149.1643599,656.87,4.35,10,6
2023-07-09 22:05:41,-35.3632287,149.1643672,657.04,3.69,10,6
2023-07-09 22:05:41,-35.3632322,149.1643801,657.06,2.59,10,6
2023-07-09 22:05:41,-35.3632319,149.1643853,656.92,2.18,10,6
2023-07-09 22:05:41,-35.3632303,149.1643892,656.67,1.86,10,6
2023-07-09 22:05:41,-35.3632274,149.1643912,656.33,2.08,10,6
2023-07-09 22:05:41,-35.3632173,149.1643876,655.53,3.79,10,6
2023-07-09 22:05:41,-35.3632109,149.1643831,655.18,4.35,10,6
2023-07-09 22:05:41,-35.3632039,149.1643779,654.9,4.77,10,6
2023-07-09 22:05:41,-35.363196,149.1643729,654.7,5.15,10,6
2023-07-09 22:05:41,-35.3631769,149.1643654,654.42,6.07,10,6
2023-07-09 22:05:42,-35.3631657,149.164363,654.26,6.52,10,6
2023-07-09 22:05:42,-35.3631537,149.1643615,654.05,6.93,10,6
2023-07-09 22:05:42,-35.3631409,149.1643607,653.8,7.32,10,6
2023-07-09 22:05:42,-35.3631132,149.1643609,653.23,8.05,10,6
2023-07-09 22:05:42,-35.3630985,149.1643618,652.94,8.39,10,6
2023-07-09 22:05:42,-35.3630831,149.1643633,652.67,8.73,10,6
2023-07-09 22:05:42,-35.3630672,149.1643654,652.43,9.04,10,6
2023-07-09 22:05:42,-35.363034,149.1643709,652.03,9.61,10,6
2023-07-09 22:05:42,-35.3630167,149.1643743,651.86,9.86,10,6
2023-07-09 22:05:42,-35.362999,149.164378,651.7,10.09,10,6
2023-07-09 22:05:42,-35.3629811,149.1643821,651.54,10.29,10,6
2023-07-09 22:05:42,-35.362944,149.1643911,651.26,10.65,10,6
2023-07-09 22:05:42,-35.3629251,149.164396,651.14,10.81,10,6
2023-07-09 22:05:42,-35.362906,149.1644011,651.02,10.94,10,6
2023-07-09 22:05:42,-35.3628868,149.1644064,650.91,11.06,10,6
2023-07-09 22:05:42,-35.3628477,149.1644177,650.71,11.26,10,6
2023-07-09 22:05:42,-35.3628279,149.1644235,650.62,11.33,10,6
2023-07-09 22:05:42,-35.3628081,149.1644294,650.54,11.39,10,6
2023-07-09 22:05:42,-35.3627882,149.1644354,650.45,11.44,10,6
2023-07-09 22:05:42,-35.3627482,149.1644478,650.3,11.5,10,6
2023-07-09 22:05:42,-35.3627281,149.1644541,650.23,11.52,10,6
2023-07-09 22:05:42,-35.362708,149.1644605,650.16,11.53,10,6
2023-07-09 22:05:42,-35.362688,149.1644668,650.12,11.53,10,6
2023-07-09 22:05:42,-35.3626479,149.1644798,650.16,11.5,10,6
2023-07-09 22:05:42,-35.362628,149.1644863,650.28,11.46,10,6
2023-07-09 22:05:42,-35.3626081,149.1644928,650.49,11.42,10,6
2023-07-09 22:05:42,-35.3625884,149.1644993,650.82,11.37,10,6
2023-07-09 22:05:42,-35.3625491,149.1645124,651.85,11.23,10,6
2023-07-09 22:05:42,-35.3625297,149.1645189,652.38,11.15,10,6
2023-07-09 22:05:42,-35.3625105,149.1645254,652.64,11.1,10,6
2023-07-09 22:05:42,-35.3624913,149.1645318,652.51,11.05,10,6
2023-07-09 22:05:42,-35.3624535,149.1645448,651.46,10.65,10,6
2023-07-09 22:05:42,-35.3624355,149.1645513,650.86,10.3,10,6
2023-07-09 22:05:42,-35.3624182,149.1645578,650.35,9.93,10,6
2023-07-09 22:05:42,-35.3624015,149.1645644,649.97,9.55,10,6
2023-07-09 22:05:42,-35.3623703,149.1645778,649.52,8.85,10,6
2023-07-09 22:05:42,-35.3623556,149.1645845,649.41,8.53,10,6
2023-07-09 22:05:42,-35.3623415,149.1645913,649.34,8.24,10,6
2023-07-09 22:05:42,-35.3623281,149.164598,649.3,7.96,10,6
2023-07-09 22:05:42,-35.3623027,149.1646115,649.24,7.44,10,6
2023-07-09 22:05:43,-35.3622907,149.1646182,649.21,7.2,10,6
2023-07-09 22:05:43,-35.3622792,149.1646248,649.18,6.97,10,6
2023-07-09 22:05:43,-35.3622682,149.1646315,649.15,6.75,10,6
2023-07-09 22:05:43,-35.3622473,149.1646448,649.08,6.33,10,6
2023-07-09 22:05:43,-35.3622374,149.1646513,649.05,6.13,10,6
2023-07-09 22:05:43,-35.3622279,149.1646578,649.02,5.95,10,6
2023-07-09 22:05:43,-35.3622188,149.1646643,648.98,5.77,10,6
2023-07-09 22:05:43,-35.3622016,149.1646771,648.9,5.43,10,6
2023-07-09 22:05:43,-35.3621935,149.1646834,648.86,5.27,10,6
2023-07-09 22:05:43,-35.3621857,149.1646897,648.82,5.12,10,6
2023-07-09 22:05:43,-35.3621782,149.1646958,648.78,4.98,10,6
2023-07-09 22:05:43,-35.3621639,149.1647081,648.69,4.7,10,6
2023-07-09 22:05:43,-35.3621572,149.1647141,648.66,4.57,10,6
2023-07-09 22:05:43,-35.3621507,149.1647201,648.62,4.44,10,6
2023-07-09 22:05:43,-35.3621444,149.164726,648.57,4.31,10,6
2023-07-09 22:05:43,-35.3621326,149.1647375,648.51,4.07,10,6
2023-07-09 22:05:43,-35.362127,149.1647431,648.47,3.96,10,6
2023-07-09 22:05:43,-35.3621217,149.1647486,648.43,3.84,10,6
2023-07-09 22:05:43,-35.3621165,149.164754,648.39,3.73,10,6
2023-07-09 22:05:43,-35.3621068,149.1647647,648.32,3.5,10,6
2023-07-09 22:05:43,-35.3621023,149.1647699,648.28,3.39,10,6
2023-07-09 22:05:43,-35.3620979,149.164775,648.25,3.29,10,6
2023-07-09 22:05:43,-35.3620937,149.16478,648.21,3.18,10,6
2023-07-09 22:05:43,-35.362086,149.1647896,648.14,2.97,10,6
2023-07-09 22:05:43,-35.3620824,149.1647943,648.1,2.87,10,6
2023-07-09 22:05:43,-35.362079,149.1647989,648.07,2.77,10,6
2023-07-09 22:05:43,-35.3620758,149.1648035,648.04,2.67,10,6
2023-07-09 22:05:43,-35.3620698,149.1648122,647.97,2.48,10,6
2023-07-09 22:05:43,-35.3620672,149.1648164,647.93,2.39,10,6
2023-07-09 22:05:43,-35.3620647,149.1648207,647.9,2.31,10,6
2023-07-09 22:05:43,-35.3620624,149.1648248,647.86,2.21,10,6
2023-07-09 22:05:43,-35.3620586,149.1648329,647.89,2.08,10,6
2023-07-09 22:05:43,-35.3620569,149.1648372,647.98,2.44,10,6
2023-07-09 22:05:43,-35.3620547,149.1648429,648.11,3.18,10,6
2023-07-09 22:05:43,-35.362052,149.1648501,648.24,4.0,10,6
2023-07-09 22:05:43,-35.3620447,149.1648688,648.34,5.3,10,6
2023-07-09 22:05:43,-35.3620403,149.1648796,648.35,5.52,10,6
2023-07-09 22:05:43,-35.3620356,149.1648903,648.34,5.52,10,6
2023-07-09 22:05:43,-35.3620305,149.1649006,648.33,5.47,10,6
2023-07-09 22:05:43,-35.3620192,149.1649203,648.29,5.44,10,6
2023-07-09 22:05:44,-35.3620131,149.1649297,648.23,5.5,10,6
2023-07-09 22:05:44,-35.3620069,149.1649393,648.15,5.59,10,6
2023-07-09 22:05:44,-35.3620006,149.1649491,648.05,5.69,10,6
2023-07-09 22:05:44,-35.3619879,149.1649694,647.82,5.92,10,6
2023-07-09 22:05:44,-35.3619816,149.16498,647.7,6.01,10,6
2023-07-09 22:05:44,-35.3619753,149.1649907,647.6,6.02,10,6
2023-07-09 22:05:44,-35.3619688,149.1650013,647.52,5.94,10,6
2023-07-09 22:05:44,-35.3619558,149.1650215,647.27,5.72,10,6
2023-07-09 22:05:44,-35.3619492,149.165031,647.06,5.58,10,6
2023-07-09 22:05:44,-35.3619423,149.1650398,646.73,5.46,10,6
2023-07-09 22:05:44,-35.3619353,149.165048,646.27,5.38,10,6
2023-07-09 22:05:44,-35.3619203,149.1650627,644.92,5.29,10,6
2023-07-09 22:05:44,-35.3619128,149.1650696,644.14,5.26,10,6
2023-07-09 22:05:44,-35.361906,149.1650781,643.64,5.56,10,6
2023-07-09 22:05:44,-35.3619007,149.1650889,643.58,5.96,10,6
2023-07-09 22:05:44,-35.3618936,149.165114,644.28,5.98,10,6
2023-07-09 22:05:44,-35.3618912,149.1651267,644.69,5.89,10,6
2023-07-09 22:05:44,-35.3618892,149.1651393,645.05,5.74,10,6
2023-07-09 22:05:44,-35.3618874,149.1651516,645.35,5.57,10,6
2023-07-09 22:05:44,-35.3618848,149.1651752,645.78,5.24,10,6
2023-07-09 22:05:44,-35.3618837,149.1651865,645.94,5.08,10,6
2023-07-09 22:05:44,-35.3618829,149.1651974,646.08,4.91,10,6
2023-07-09 22:05:44,-35.3618824,149.1652081,646.19,4.75,10,6
2023-07-09 22:05:44,-35.3618816,149.1652284,646.37,4.45,10,6
2023-07-09 22:05:44,-35.3618814,149.165238,646.42,4.34,10,6
2023-07-09 22:05:44,-35.3618813,149.1652475,646.46,4.25,10,6
2023-07-09 22:05:44,-35.3618813,149.1652568,646.49,4.18,10,6
2023-07-09 22:05:44,-35.3618815,149.1652749,646.5,4.07,10,6
2023-07-09 22:05:44,-35.3618819,149.1652838,646.49,4.02,10,6
2023-07-09 22:05:44,-35.3618823,149.1652927,646.47,3.99,10,6
2023-07-09 22:05:44,-35.3618826,149.1653014,646.44,3.96,10,6
2023-07-09 22:05:44,-35.3618836,149.1653188,646.37,3.94,10,6
2023-07-09 22:05:44,-35.3618841,149.1653275,646.32,3.94,10,6
2023-07-09 22:05:44,-35.3618848,149.1653361,646.29,3.94,10,6
2023-07-09 22:05:44,-35.3618854,149.1653447,646.25,3.94,10,6
2023-07-09 22:05:44,-35.3618867,149.165362,646.17,3.93,10,6
2023-07-09 22:05:44,-35.3618873,149.1653706,646.13,3.94,10,6
2023-07-09 22:05:44,-35.3618879,149.1653793,646.08,3.96,10,6
2023-07-09 22:05:44,-35.3618886,149.1653881,646.05,3.97,10,6
2023-07-09 22:05:44,-35.3618897,149.1654055,645.99,4.0,10,6
2023-07-09 22:05:45,-35.3618903,149.1654144,645.95,4.02,10,6
2023-07-09 22:05:45,-35.3618908,149.1654233,645.92,4.04,10,6
2023-07-09 22:05:45,-35.3618912,149.1654322,645.89,4.07,10,6
2023-07-09 22:05:45,-35.3618921,149.1654502,645.83,4.11,10,6
2023-07-09 22:05:45,-35.3618924,149.1654593,645.8,4.14,10,6
2023-07-09 22:05:45,-35.3618927,149.1654684,645.78,4.17,10,6
2023-07-09 22:05:45,-35.3618929,149.1654777,645.75,4.19,10,6
2023-07-09 22:05:45,-35.3618932,149.1654962,645.7,4.22,10,6
2023-07-09 22:05:45,-35.3618933,149.1655056,645.68,4.24,10,6
2023-07-09 22:05:45,-35.3618933,149.1655149,645.65,4.26,10,6
2023-07-09 22:05:45,-35.3618932,149.1655243,645.62,4.27,10,6
2023-07-09 22:05:45,-35.3618928,149.1655432,645.57,4.32,10,6
2023-07-09 22:05:45,-35.3618925,149.1655528,645.55,4.34,10,6
2023-07-09 22:05:45,-35.3618921,149.1655624,645.52,4.35,10,6
2023-07-09 22:05:45,-35.3618915,149.1655719,645.46,4.34,10,6
2023-07-09 22:05:45,-35.3618905,149.1655903,645.24,3.87,10,6
2023-07-09 22:05:45,-35.3618911,149.1655984,645.03,3.44,10,6
2023-07-09 22:05:45,-35.3618932,149.1656051,644.72,3.23,10,6
2023-07-09 22:05:45,-35.361897,149.1656105,644.33,3.35,10,6
2023-07-09 22:05:45,-35.3619102,149.1656165,643.28,4.82,10,6
2023-07-09 22:05:45,-35.3619198,149.1656164,642.56,5.9,10,6
2023-07-09 22:05:45,-35.3619312,149.1656138,641.69,7.06,10,6
2023-07-09 22:05:45,-35.3619443,149.1656085,640.65,8.24,10,6
2023-07-09 22:05:45,-35.3619738,149.1655901,638.14,10.01,10,6
2023-07-09 22:05:45,-35.3619893,149.1655776,636.67,10.61,10,6
2023-07-09 22:05:45,-35.3620048,149.1655629,635.08,11.22,10,6
2023-07-09 22:05:45,-35.3620202,149.1655457,633.42,11.91,10,6
2023-07-09 22:05:45,-35.3620497,149.1655034,630.15,13.35,10,6
2023-07-09 22:05:45,-35.3620636,149.1654787,628.63,13.93,10,6
2023-07-09 22:05:45,-35.3620773,149.1654524,627.22,14.38,10,6
2023-07-09 22:05:45,-35.3620908,149.1654248,625.94,14.74,10,6
2023-07-09 22:05:45,-35.3621165,149.1653669,623.94,15.09,10,6
2023-07-09 22:05:45,-35.3621285,149.1653372,623.26,14.97,10,6
2023-07-09 22:05:45,-35.36214,149.1653077,622.77,14.65,10,6
2023-07-09 22:05:45,-35.3621512,149.165279,622.45,14.17,10,6
2023-07-09 22:05:45,-35.3621732,149.1652255,622.21,12.94,10,6
2023-07-09 22:05:45,-35.3621837,149.165201,622.29,12.25,10,6
2023-07-09 22:05:45,-35.3621937,149.1651777,622.5,11.59,10,6
2023-07-09 22:05:45,-35.3622029,149.1651557,622.82,10.9,10,6
2023-07-09 22:05:45,-35.3622198,149.1651162,623.67,9.37,10,6
2023-07-09 22:05:46,-35.3622278,149.1650989,624.15,8.69,10,6
2023-07-09 22:05:46,-35.3622356,149.1650831,624.65,8.1,10,6
2023-07-09 22:05:46,-35.3622432,149.1650685,625.14,7.59,10,6
2023-07-09 22:05:46,-35.362258,149.1650425,626.08,6.8,10,6
2023-07-09 22:05:46,-35.3622652,149.1650308,626.54,6.51,10,6
2023-07-09 22:05:46,-35.3622723,149.1650199,626.97,6.27,10,6
2023-07-09 22:05:46,-35.3622796,149.1650095,627.38,6.07,10,6
2023-07-09 22:05:46,-35.3622944,149.1649905,628.17,5.99,10,6
2023-07-09 22:05:46,-35.362303,149.164982,628.52,6.26,10,6
2023-07-09 22:05:46,-35.3623129,149.1649744,628.82,6.76,10,6
2023-07-09 22:05:46,-35.3623245,149.1649676,629.07,7.58,10,6
2023-07-09 22:05:46,-35.3623538,149.1649558,629.35,9.52,10,6
2023-07-09 22:05:46,-35.3623704,149.1649503,629.27,9.42,10,6
2023-07-09 22:05:46,-35.3623859,149.1649454,628.89,8.34,10,6
2023-07-09 22:05:46,-35.3623998,149.164941,628.16,7.86,10,6
2023-07-09 22:05:46,-35.3624278,149.1649314,626.03,8.53,10,6
2023-07-09 22:05:46,-35.3624422,149.164924,625.2,8.72,10,6
2023-07-09 22:05:46,-35.3624553,149.1649143,624.88,8.21,10,6
2023-07-09 22:05:46,-35.3624661,149.1649029,624.96,7.67,10,6
2023-07-09 22:05:46,-35.362482,149.164878,625.76,6.69,10,6
2023-07-09 22:05:46,-35.3624877,149.1648657,626.31,6.15,10,6
2023-07-09 22:05:46,-35.3624925,149.1648541,626.93,5.58,10,6
2023-07-09 22:05:46,-35.3624962,149.1648434,627.58,5.04,10,6
2023-07-09 22:05:46,-35.3625016,149.1648245,628.76,4.11,10,6
2023-07-09 22:05:46,-35.3625032,149.1648159,629.21,3.8,10,6
2023-07-09 22:05:46,-35.362504,149.1648078,629.51,3.64,10,6
2023-07-09 22:05:46,-35.362504,149.1647999,629.6,3.59,10,6
2023-07-09 22:05:46,-35.3625018,149.1647846,629.34,3.11,10,6
2023-07-09 22:05:46,-35.3625002,149.1647795,629.45,1.79,10,6
2023-07-09 22:05:46,-35.3624988,149.1647777,629.98,0.75,10,6
2023-07-09 22:05:46,-35.3624976,149.1647785,630.78,1.04,10,6
2023-07-09 22:05:46,-35.3624952,149.164785,632.33,2.13,10,6
2023-07-09 22:05:46,-35.3624937,149.1647898,632.94,2.55,10,6
2023-07-09 22:05:46,-35.3624923,149.1647956,633.42,2.92,10,6
2023-07-09 22:05:46,-35.3624908,149.1648022,633.81,3.28,10,6
2023-07-09 22:05:46,-35.3624877,149.1648176,634.39,3.9,10,6
2023-07-09 22:05:46,-35.3624863,149.1648263,634.63,4.13,10,6
2023-07-09 22:05:46,-35.3624851,149.1648354,634.86,4.31,10,6
2023-07-09 22:05:46,-35.3624839,149.164845,635.08,4.46,10,6
2023-07-09 22:05:46,-35.362482,149.164865,635.53,4.64,10,6
2023-07-09 22:05:47,-35.3624812,149.1648752,635.75,4.7,10,6
2023-07-09 22:05:47,-35.3624804,149.1648856,635.96,4.73,10,6
2023-07-09 22:05:47,-35.3624797,149.1648961,636.17,4.74,10,6
2023-07-09 22:05:47,-35.3624784,149.1649168,636.57,4.71,10,6
2023-07-09 22:05:47,-35.3624777,149.1649272,636.78,4.69,10,6
2023-07-09 22:05:47,-35.3624772,149.1649375,636.98,4.66,10,6
2023-07-09 22:05:47,-35.3624765,149.1649476,637.18,4.64,10,6
2023-07-09 22:05:47,-35.3624753,149.1649679,637.59,4.58,10,6
2023-07-09 22:05:47,-35.3624746,149.164978,637.8,4.55,10,6
2023-07-09 22:05:47,-35.362474,149.1649879,638.01,4.52,10,6
2023-07-09 22:05:47,-35.3624733,149.1649978,638.21,4.49,10,6
2023-07-09 22:05:47,-35.3624717,149.1650175,638.62,4.45,10,6
2023-07-09 22:05:47,-35.362471,149.1650273,638.82,4.44,10,6
2023-07-09 22:05:47,-35.3624701,149.165037,639.03,4.43,10,6
2023-07-09 22:05:47,-35.3624692,149.1650467,639.24,4.41,10,6
2023-07-09 22:05:47,-35.3624673,149.165066,639.64,4.39,10,6
2023-07-09 22:05:47,-35.3624662,149.1650755,639.83,4.38,10,6
2023-07-09 22:05:47,-35.3624651,149.1650851,640.04,4.38,10,6
2023-07-09 22:05:47,-35.362464,149.1650947,640.24,4.39,10,6
2023-07-09 22:05:47,-35.3624616,149.1651138,640.64,4.39,10,6
2023-07-09 22:05:47,-35.3624603,149.1651234,640.82,4.39,10,6
2023-07-09 22:05:47,-35.362459,149.1651329,641.0,4.39,10,6
2023-07-09 22:05:47,-35.3624575,149.1651424,641.17,4.4,10,6
2023-07-09 22:05:47,-35.3624543,149.1651615,641.45,4.44,10,6
2023-07-09 22:05:47,-35.3624526,149.165171,641.56,4.46,10,6
2023-07-09 22:05:47,-35.3624509,149.1651807,641.66,4.49,10,6
2023-07-09 22:05:47,-35.362449,149.1651904,641.75,4.52,10,6
2023-07-09 22:05:47,-35.3624451,149.1652098,641.88,4.58,10,6
2023-07-09 22:05:47,-35.362443,149.1652197,641.93,4.6,10,6
2023-07-09 22:05:47,-35.3624409,149.1652294,641.95,4.49,10,6
2023-07-09 22:05:47,-35.3624393,149.1652386,641.92,4.02,10,6
2023-07-09 22:05:47,-35.3624399,149.1652538,641.47,3.13,10,6
2023-07-09 22:05:47,-35.3624429,149.1652596,641.04,3.24,10,6
2023-07-09 22:05:47,-35.3624482,149.1652639,640.47,3.92,10,6
2023-07-09 22:05:47,-35.3624559,149.1652662,639.72,4.97,10,6
2023-07-09 22:05:47,-35.3624781,149.1652633,637.56,7.49,10,6
2023-07-09 22:05:47,-35.3624916,149.1652571,636.11,8.58,10,6
2023-07-09 22:05:47,-35.3625059,149.1652477,634.44,9.41,10,6
2023-07-09 22:05:47,-35.3625202,149.1652353,632.56,10.1,10,6
2023-07-09 22:05:47,-35.3625471,149.1652002,628.45,11.87,10,6
2023-07-09 22:05:47,-35.3625597,149.165178,626.35,12.76,10,6
2023-07-09 22:05:48,-35.362572,149.1651534,624.28,13.5,10,6
2023-07-09 22:05:48,-35.3625846,149.1651271,622.27,14.12,10,6
2023-07-09 22:05:48,-35.3626102,149.1650708,618.52,15.08,10,6
2023-07-09 22:05:48,-35.3626232,149.1650411,616.83,15.54,10,6
2023-07-09 22:05:48,-35.3626362,149.1650101,615.32,15.95,10,6
2023-07-09 22:05:48,-35.3626491,149.1649784,614.0,16.22,10,6
2023-07-09 22:05:48,-35.3626747,149.164914,611.95,16.19,10,6
2023-07-09 22:05:48,-35.3626878,149.1648824,611.2,15.93,10,6
2023-07-09 22:05:48,-35.3627013,149.1648518,610.58,15.6,10,6
2023-07-09 22:05:48,-35.3627151,149.1648224,610.07,15.26,10,6
2023-07-09 22:05:48,-35.3627438,149.1647668,609.27,14.65,10,6
2023-07-09 22:05:48,-35.3627586,149.1647404,608.98,14.42,10,6
2023-07-09 22:05:48,-35.3627735,149.1647146,608.78,14.26,10,6
2023-07-09 22:05:48,-35.362788,149.1646888,608.67,14.15,10,6
2023-07-09 22:05:48,-35.3628152,149.1646369,608.73,13.83,10,6
2023-07-09 22:05:48,-35.362828,149.1646109,608.91,13.57,10,6
2023-07-09 22:05:48,-35.3628401,149.1645854,609.2,13.23,10,6
2023-07-09 22:05:48,-35.3628516,149.1645605,609.59,12.78,10,6
2023-07-09 22:05:48,-35.3628738,149.1645141,610.62,11.6,10,6
2023-07-09 22:05:48,-35.3628849,149.1644933,611.17,10.99,10,6
2023-07-09 22:05:48,-35.3628961,149.1644741,611.72,10.46,10,6
2023-07-09 22:05:48,-35.3629076,149.1644564,612.26,10.06,10,6
2023-07-09 22:05:48,-35.3629314,149.1644235,613.45,10.1,10,6
2023-07-09 22:05:48,-35.3629433,149.1644059,614.2,10.62,10,6
2023-07-09 22:05:48,-35.362955,149.1643867,615.05,11.09,10,6
2023-07-09 22:05:48,-35.3629662,149.1643669,615.87,10.77,10,6
2023-07-09 22:05:48,-35.3629853,149.1643313,616.58,8.59,10,6
2023-07-09 22:05:48,-35.3629936,149.1643163,616.59,7.98,10,6
2023-07-09 22:05:48,-35.3630026,149.1643028,616.66,7.76,10,6
2023-07-09 22:05:48,-35.3630118,149.1642911,616.94,6.83,10,6
2023-07-09 22:05:48,-35.3630267,149.1642775,618.07,3.9,10,6
2023-07-09 22:05:48,-35.3630323,149.1642735,618.75,3.41,10,6
2023-07-09 22:05:48,-35.3630373,149.1642701,619.42,2.96,10,6
2023-07-09 22:05:48,-35.3630418,149.1642675,620.08,2.54,10,6
2023-07-09 22:05:48,-35.3630494,149.1642646,621.38,1.97,10,6
2023-07-09 22:05:48,-35.3630528,149.164264,621.99,1.77,10,6
2023-07-09 22:05:48,-35.3630558,149.1642639,622.55,1.59,10,6
2023-07-09 22:05:48,-35.3630585,149.1642641,623.03,1.41,10,6
2023-07-09 22:05:48,-35.3630626,149.1642648,623.62,0.84,10,6
2023-07-09 22:05:48,-35.3630638,149.164265,623.66,0.47,10,6
2023-07-09 22:05:49,-35.3630644,149.1642648,623.5,0.21,10,6
2023-07-09 22:05:49,-35.3630645,149.1642645,623.28,0.15,10,6
2023-07-09 22:05:49,-35.3630663,149.1642696,623.82,2.5,10,6
2023-07-09 22:05:49,-35.3630682,149.1642756,624.6,3.25,10,6
2023-07-09 22:05:49,-35.3630703,149.1642827,625.42,3.59,10,6
2023-07-09 22:05:49,-35.3630723,149.1642904,626.16,3.73,10,6
2023-07-09 22:05:49,-35.3630759,149.1643066,627.33,3.85,10,6
2023-07-09 22:05:49,-35.3630773,149.1643149,627.78,3.91,10,6
2023-07-09 22:05:49,-35.3630787,149.1643235,628.19,3.98,10,6
2023-07-09 22:05:49,-35.3630801,149.1643322,628.57,4.05,10,6
2023-07-09 22:05:49,-35.3630828,149.1643499,629.3,4.1,10,6
2023-07-09 22:05:49,-35.3630841,149.1643588,629.66,4.07,10,6
2023-07-09 22:05:49,-35.3630853,149.1643675,630.03,4.02,10,6
2023-07-09 22:05:49,-35.3630865,149.1643762,630.39,3.95,10,6
2023-07-09 22:05:49,-35.3630888,149.1643931,631.11,3.8,10,6
2023-07-09 22:05:49,-35.3630897,149.1644013,631.46,3.72,10,6
2023-07-09 22:05:49,-35.3630905,149.1644094,631.82,3.63,10,6
2023-07-09 22:05:49,-35.3630914,149.1644172,632.18,3.54,10,6
2023-07-09 22:05:49,-35.3630926,149.1644324,632.91,3.36,10,6
2023-07-09 22:05:49,-35.3630931,149.1644397,633.27,3.28,10,6
2023-07-09 22:05:49,-35.3630935,149.1644468,633.65,3.21,10,6
2023-07-09 22:05:49,-35.3630938,149.1644538,634.02,3.13,10,6
2023-07-09 22:05:49,-35.3630941,149.1644672,634.76,2.98,10,6
2023-07-09 22:05:49,-35.363094,149.1644738,635.13,2.92,10,6
2023-07-09 22:05:49,-35.3630939,149.1644802,635.5,2.87,10,6
2023-07-09 22:05:49,-35.3630938,149.1644865,635.87,2.82,10,6
2023-07-09 22:05:49,-35.3630931,149.1644987,636.62,2.75,10,6
2023-07-09 22:05:49,-35.3630926,149.1645047,637.0,2.71,10,6
2023-07-09 22:05:49,-35.3630921,149.1645106,637.38,2.68,10,6
2023-07-09 22:05:49,-35.3630914,149.1645165,637.76,2.66,10,6
2023-07-09 22:05:49,-35.36309,149.164528,638.51,2.64,10,6
2023-07-09 22:05:49,-35.3630891,149.1645337,638.88,2.64,10,6
2023-07-09 22:05:49,-35.3630881,149.1645395,639.23,2.64,10,6
2023-07-09 22:05:49,-35.363087,149.1645451,639.55,2.64,10,6
2023-07-09 22:05:49,-35.3630843,149.1645562,640.1,2.67,10,6
2023-07-09 22:05:49,-35.3630827,149.1645619,640.31,2.7,10,6
2023-07-09 22:05:49,-35.3630809,149.1645675,640.5,2.74,10,6
2023-07-09 22:05:49,-35.3630791,149.1645732,640.65,2.79,10,6
2023-07-09 22:05:49,-35.3630751,149.1645847,640.85,2.89,10,6
2023-07-09 22:05:49,-35.3630729,149.1645906,640.9,2.95,10,6
2023-07-09 22:05:50,-35.3630706,149.1645965,640.93,3.01,10,6
2023-07-09 22:05:50,-35.3630683,149.1646026,640.94,3.08,10,6
2023-07-09 22:05:50,-35.3630635,149.1646151,640.91,3.07,10,6
2023-07-09 22:05:50,-35.3630615,149.1646209,640.84,2.55,10,6
2023-07-09 22:05:50,-35.363061,149.1646256,640.65,1.94,10,6
2023-07-09 22:05:50,-35.3630622,149.1646294,640.26,1.96,10,6
2023-07-09 22:05:50,-35.363072,149.1646334,638.97,4.22,10,6
2023-07-09 22:05:50,-35.3630809,149.1646327,638.0,5.71,10,6
2023-07-09 22:05:50,-35.3630919,149.164629,636.74,7.07,10,6
2023-07-09 22:05:50,-35.3631041,149.1646213,635.19,8.26,10,6
2023-07-09 22:05:50,-35.3631283,149.1645926,631.39,10.46,10,6
2023-07-09 22:05:50,-35.3631397,149.164573,629.22,11.39,10,6
2023-07-09 22:05:50,-35.3631507,149.1645507,626.95,12.23,10,6
2023-07-09 22:05:50,-35.3631616,149.1645263,624.66,12.99,10,6
2023-07-09 22:05:50,-35.3631838,149.1644727,620.12,14.25,10,6
2023-07-09 22:05:50,-35.3631957,149.1644442,617.95,14.72,10,6
2023-07-09 22:05:50,-35.363208,149.164415,615.83,15.07,10,6
2023-07-09 22:05:50,-35.3632207,149.1643853,613.79,15.34,10,6
2023-07-09 22:05:50,-35.3632472,149.164325,609.81,15.77,10,6
2023-07-09 22:05:50,-35.3632611,149.1642944,607.87,15.94,10,6
2023-07-09 22:05:50,-35.3632752,149.1642637,605.95,16.12,10,6
2023-07-09 22:05:50,-35.3632896,149.1642326,604.07,16.36,10,6
2023-07-09 22:05:50,-35.3633193,149.1641688,600.52,17.01,10,6
2023-07-09 22:05:50,-35.3633345,149.1641358,598.91,17.31,10,6
2023-07-09 22:05:50,-35.3633499,149.1641023,597.43,17.56,10,6
2023-07-09 22:05:50,-35.3633658,149.1640686,596.12,17.73,10,6
2023-07-09 22:05:50,-35.363399,149.1640015,593.97,17.86,10,6
2023-07-09 22:05:50,-35.3634163,149.1639683,593.08,17.88,10,6
2023-07-09 22:05:50,-35.363434,149.1639354,592.3,17.89,10,6
2023-07-09 22:05:50,-35.363452,149.1639028,591.58,17.94,10,6
2023-07-09 22:05:50,-35.3634888,149.1638372,590.19,18.22,10,6
2023-07-09 22:05:50,-35.3635074,149.1638039,589.49,18.38,10,6
2023-07-09 22:05:50,-35.3635261,149.1637701,588.77,18.54,10,6
2023-07-09 22:05:50,-35.3635449,149.1637362,588.04,18.69,10,6
2023-07-09 22:05:50,-35.3635832,149.1636677,586.54,19.01,10,6
2023-07-09 22:05:50,-35.3636027,149.1636331,585.78,19.19,10,6
2023-07-09 22:05:50,-35.3636225,149.1635983,585.02,19.38,10,6
2023-07-09 22:05:50,-35.3636428,149.1635633,584.26,19.62,10,6
2023-07-09 22:05:50,-35.3636575,149.1635377,583.79,3.75,10,6
